model,image,ground_truth,prediction,gt_normalized,pred_normalized
Model 1 (CRNN v1),mb_239.jpg,54R2 4924,54P2 4924,54R24924,54P24924
Model 1 (CRNN v1),car_528.jpg,30E 54093,30E 54099,30E54093,30E54099
Model 1 (CRNN v1),type2_538.jpg,95B1 01211,85B1 01211,95B101211,85B101211
Model 1 (CRNN v1),type4_598.jpg,29M 00461,29A 02461,29M00461,29A02461
Model 1 (CRNN v1),car_90.jpg,30F 32665,30E 32665,30F32665,30E32665
Model 1 (CRNN v1),type1_117.jpg,30P 6953,30G 6853,30P6953,30G6853
Model 1 (CRNN v1),type2_341.jpg,29Y5 88647,70A6 09547,29Y588647,70A609547
Model 1 (CRNN v1),type2_173.jpg,67AN 03040,67AA 03040,67AN03040,67AA03040
Model 1 (CRNN v1),type2_974_lp.jpg,76M1 01887,76UH1 01887,76M101887,76UH101887
Model 1 (CRNN v1),type1_437.jpg,60M 0898,60A 19508,60M0898,60A19508
Model 1 (CRNN v1),mb_106.jpg,54S1 4959,54S7 4959,54S14959,54S74959
Model 1 (CRNN v1),type7_597.jpg,29B 20545,29H 28100,29B20545,29H28100
Model 1 (CRNN v1),type2_905.jpg,36B2 84881,39P2 64881,36B284881,39P264881
Model 1 (CRNN v1),type5_177.jpg,KD 7739,50A 00349,KD7739,50A00349
Model 1 (CRNN v1),type2_246.jpg,59A3 14138,60AA 43798,59A314138,60AA43798
Model 1 (CRNN v1),mb_590.jpg,92N1 03003,92H1 03003,92N103003,92H103003
Model 1 (CRNN v1),type2_684_lp.jpg,51FC 0821,51FB 0821,51FC0821,51FB0821
Model 1 (CRNN v1),type3_834.jpg,78LD 0037,78LD 0033,78LD0037,78LD0033
Model 1 (CRNN v1),type2_406.jpg,71C2 80311,71C2 00311,71C280311,71C200311
Model 1 (CRNN v1),type7_276.jpg,75H 02077,39A 01077,75H02077,39A01077
Model 1 (CRNN v1),mb_360.jpg,54T5 4498,54K5 4498,54T54498,54K54498
Model 1 (CRNN v1),type4_013.jpg,29A 01886,60A 00292,29A01886,60A00292
Model 1 (CRNN v1),type5_054.jpg,KP 1139,KP 1039,KP1139,KP1039
Model 1 (CRNN v1),type2_474_lp.jpg,73N8 2754,73HB 2754,73N82754,73HB2754
Model 1 (CRNN v1),type2_446.jpg,20B1 77896,70B1 77896,20B177896,70B177896
Model 1 (CRNN v1),type7_044.jpg,36B 03205,50A 3339,36B03205,50A3339
Model 1 (CRNN v1),type2_788.jpg,50N2 30488,60A2 10003,50N230488,60A210003
Model 1 (CRNN v1),type2_859_lp.jpg,60 873AK,60 873AL,60873AK,60873AL
Model 1 (CRNN v1),type3_955.jpg,79KT 00014,29LA 00014,79KT00014,29LA00014
Model 1 (CRNN v1),type2_036_lp.jpg,60FK 9776,60F4 9776,60FK9776,60F49776
Model 1 (CRNN v1),type4_936.jpg,60M 00511,60M 00014,60M00511,60M00014
Model 1 (CRNN v1),type2_531.jpg,52N1 1537,52ND 1537,52N11537,52ND1537
Model 1 (CRNN v1),type3_517.jpg,60MĐ1 01563,60MĐ1 01063,60MĐ101563,60MĐ101063
Model 1 (CRNN v1),type3_661.jpg,68HC 00065,68HC 00055,68HC00065,68HC00055
Model 1 (CRNN v1),type3_628.jpg,68HC 00042,80A 04989,68HC00042,80A04989
Model 1 (CRNN v1),type2_660.jpg,72 781FA,72 781K1,72781FA,72781K1
Model 1 (CRNN v1),type2_385.jpg,29BD 04447,60A1 88449,29BD04447,60A188449
Model 1 (CRNN v1),type3_913.jpg,50LD 05450,50LD 10500,50LD05450,50LD10500
Model 1 (CRNN v1),type1_197.jpg,36A 78658,36A 78656,36A78658,36A78656
Model 1 (CRNN v1),type2_256.jpg,39F3 3811,60A1 11010,39F33811,60A111010
Model 1 (CRNN v1),type2_413_lp.jpg,59X2 44914,59K2 44914,59X244914,59K244914
Model 1 (CRNN v1),type7_917.jpg,48E 00110,29E 00110,48E00110,29E00110
Model 1 (CRNN v1),mb_318.jpg,77L1 37372,771 37372,77L137372,77137372
Model 1 (CRNN v1),type2_835.jpg,60T6 6916,60X6 6916,60T66916,60X66916
Model 1 (CRNN v1),mb_231.jpg,59M1 89404,59V1 89404,59M189404,59V189404
Model 1 (CRNN v1),type4_380.jpg,80A 23368,80A 25066,80A23368,80A25066
Model 1 (CRNN v1),type2_752.jpg,60Y3 6219,60Y3 6719,60Y36219,60Y36719
Model 1 (CRNN v1),type3_561.jpg,68HC 00001,79L 00049,68HC00001,79L00049
Model 1 (CRNN v1),type4_744.jpg,80A 05647,50A 00347,80A05647,50A00347
Model 1 (CRNN v1),type2_848.jpg,60AA 25721,60MĐ1 00061,60AA25721,60MĐ100061
Model 1 (CRNN v1),type3_971.jpg,51HC 00044,51H 00044,51HC00044,51H00044
Model 1 (CRNN v1),type4_322.jpg,31A 9589,31A 9549,31A9589,31A9549
Model 1 (CRNN v1),type6_059.jpg,68F2 00045,68F1 00049,68F200045,68F100049
Model 1 (CRNN v1),type4_913.jpg,50A 01436,60A 01436,50A01436,60A01436
Model 1 (CRNN v1),type3_463.jpg,29LD 03677,29LD 03637,29LD03677,29LD03637
Model 1 (CRNN v1),type3_776.jpg,79HC 00038,30A 00375,79HC00038,30A00375
Model 1 (CRNN v1),type2_794.jpg,60B6 82226,60BD 32225,60B682226,60BD32225
Model 1 (CRNN v1),type2_455_lp.jpg,59D1 90994,59U1 90994,59D190994,59U190994
Model 1 (CRNN v1),car_524.jpg,30G 61086,30G 61085,30G61086,30G61085
Model 1 (CRNN v1),type4_281.jpg,80A 00850,80A 00835,80A00850,80A00835
Model 1 (CRNN v1),type4_309.jpg,34A 00140,89A 06169,34A00140,89A06169
Model 1 (CRNN v1),type2_698.jpg,61L6 9160,50LD 09160,61L69160,50LD09160
Model 1 (CRNN v1),type7_283.jpg,29B 60155,29B 00165,29B60155,29B00165
Model 1 (CRNN v1),type7_032.jpg,14G 00678,14B 00678,14G00678,14B00678
Model 1 (CRNN v1),mb_166.jpg,68X1 21002,68K1 21002,68X121002,68K121002
Model 1 (CRNN v1),type4_835.jpg,60A 00171,60A 00121,60A00171,60A00121
Model 1 (CRNN v1),type1_473.jpg,37C 08284,30C 06284,37C08284,30C06284
Model 1 (CRNN v1),type7_850.jpg,50E 12063,50E 02063,50E12063,50E02063
Model 1 (CRNN v1),type5_010.jpg,BC 4337,8C 4337,BC4337,8C4337
Model 1 (CRNN v1),type4_995.jpg,29A 02230,61L 00593,29A02230,61L00593
Model 1 (CRNN v1),type1_683.jpg,51H 31133,51H 31138,51H31133,51H31138
Model 1 (CRNN v1),car_40.jpg,24D 00082,24H 00082,24D00082,24H00082
Model 1 (CRNN v1),type7_077.jpg,70C 06705,70C 06709,70C06705,70C06709
Model 1 (CRNN v1),mb_329.jpg,59C2 11894,59L2 11894,59C211894,59L211894
Model 1 (CRNN v1),type4_011.jpg,34A 00900,30E 00981,34A00900,30E00981
Model 1 (CRNN v1),type2_517.jpg,66F1 72084,66K1 72084,66F172084,66K172084
Model 1 (CRNN v1),type4_357.jpg,80B 3955,80P 7755,80B3955,80P7755
Model 1 (CRNN v1),type2_356_lp.jpg,88D1 15499,81 15499,88D115499,8115499
Model 1 (CRNN v1),type3_333.jpg,62LD 00371,62LD 00337,62LD00371,62LD00337
Model 1 (CRNN v1),type7_626.jpg,72N 9238,72H 9238,72N9238,72H9238
Model 1 (CRNN v1),type2_079.jpg,60B1 73993,60B1 23993,60B173993,60B123993
Model 1 (CRNN v1),type5_143.jpg,KP 4614,PP 4434,KP4614,PP4434
Model 1 (CRNN v1),type4_336.jpg,29A 01047,29A 00947,29A01047,29A00947
Model 1 (CRNN v1),type4_571.jpg,29A 02786,29A 02789,29A02786,29A02789
Model 1 (CRNN v1),type1_071.jpg,30H 60624,50H 60624,30H60624,50H60624
Model 1 (CRNN v1),type4_431.jpg,50A 02077,50A 02877,50A02077,50A02877
Model 1 (CRNN v1),type2_419.jpg,59F1 33267,59F1 33767,59F133267,59F133767
Model 1 (CRNN v1),type3_931.jpg,79HC 00036,79HC 00035,79HC00036,79HC00035
Model 1 (CRNN v1),type2_694.jpg,61L6 8027,60AA 08906,61L68027,60AA08906
Model 1 (CRNN v1),type3_418.jpg,60LD 04557,60LD 04551,60LD04557,60LD04551
Model 1 (CRNN v1),type2_229.jpg,60A1 00159,60A1 80159,60A100159,60A180159
Model 1 (CRNN v1),type3_838.jpg,79LD 00166,79LD 00169,79LD00166,79LD00169
Model 1 (CRNN v1),type7_899.jpg,51H 12822,51B 12820,51H12822,51B12820
Model 1 (CRNN v1),type3_854.jpg,79LD 00184,59LD 08184,79LD00184,59LD08184
Model 1 (CRNN v1),type2_226.jpg,60A1 07103,60B1 07103,60A107103,60B107103
Model 1 (CRNN v1),type2_802_lp.jpg,60FK 5049,60F4 5049,60FK5049,60F45049
Model 1 (CRNN v1),type4_538.jpg,80A 28699,80A 26699,80A28699,80A26699
Model 1 (CRNN v1),type2_593.jpg,39F5 0708,39F3 0708,39F50708,39F30708
Model 1 (CRNN v1),type5_184.jpg,TC 3986,TC 3968,TC3986,TC3968
Model 1 (CRNN v1),type2_664.jpg,52P6 3832,52R5 3832,52P63832,52R53832
Model 1 (CRNN v1),type7_946.jpg,29H 94969,29H 54169,29H94969,29H54169
Model 1 (CRNN v1),type5_251.jpg,KT 5858,51A 00987,KT5858,51A00987
Model 1 (CRNN v1),mb_593.jpg,59N1 25521,59H1 25521,59N125521,59H125521
Model 1 (CRNN v1),type7_316.jpg,86B 01315,6B 0128,86B01315,6B0128
Model 1 (CRNN v1),type3_046.jpg,50LD 00868,50LD 00003,50LD00868,50LD00003
Model 1 (CRNN v1),mb_215.jpg,54U1 4469,54D1 4469,54U14469,54D14469
Model 1 (CRNN v1),type2_929.jpg,60B9 74685,60B3 74685,60B974685,60B374685
Model 1 (CRNN v1),type7_662.jpg,51G 57218,51K 51215,51G57218,51K51215
Model 1 (CRNN v1),type2_738.jpg,60T7 1471,60Y7 1471,60T71471,60Y71471
Model 1 (CRNN v1),type4_163.jpg,23A 00886,29A 00886,23A00886,29A00886
Model 1 (CRNN v1),type7_900.jpg,50H 36523,50B 26947,50H36523,50B26947
Model 1 (CRNN v1),type4_462.jpg,60A 01199,60C 00068,60A01199,60C00068
Model 1 (CRNN v1),type7_880.jpg,51H 18036,41B 00934,51H18036,41B00934
Model 1 (CRNN v1),type2_979.jpg,60F2 24385,60F2 04055,60F224385,60F204055
Model 1 (CRNN v1),car_45.jpg,30E 99127,30E 99120,30E99127,30E99120
Model 1 (CRNN v1),type3_485.jpg,50LD 13210,30LD 13210,50LD13210,30LD13210
Model 1 (CRNN v1),type2_068_lp.jpg,36K9 1825,36X9 1825,36K91825,36X91825
Model 1 (CRNN v1),type7_618.jpg,51B 28111,51B 21020,51B28111,51B21020
Model 1 (CRNN v1),type2_420.jpg,59H1 11819,59M1 11818,59H111819,59M111818
Model 1 (CRNN v1),type2_474.jpg,73N8 2754,7B1 22754,73N82754,7B122754
Model 1 (CRNN v1),type2_344.jpg,50R 9233,50H 9433,50R9233,50H9433
Model 1 (CRNN v1),type7_140.jpg,29B 19723,29B 11721,29B19723,29B11721
Model 1 (CRNN v1),type7_323.jpg,29F 02813,29B 01636,29F02813,29B01636
Model 1 (CRNN v1),type4_947.jpg,80A 04974,80A 9974,80A04974,80A9974
Model 1 (CRNN v1),type1_899.jpg,51A 33964,51L 70649,51A33964,51L70649
Model 1 (CRNN v1),type2_459.jpg,59U1 02795,59D1 02799,59U102795,59D102799
Model 1 (CRNN v1),type5_373.jpg,KV 7730,VT 7130,KV7730,VT7130
Model 1 (CRNN v1),type4_420.jpg,50A 02076,60A 00310,50A02076,60A00310
Model 1 (CRNN v1),type1_316.jpg,72M 5752,12H 71522,72M5752,12H71522
Model 1 (CRNN v1),mb_31.jpg,59X1 24340,59T1 24340,59X124340,59T124340
Model 1 (CRNN v1),type3_158.jpg,37HC 00091,37HC 10099,37HC00091,37HC10099
Model 1 (CRNN v1),type6_043.jpg,60B8 00072,60B1 00072,60B800072,60B100072
Model 1 (CRNN v1),type3_277.jpg,29KT 00576,29VT 00578,29KT00576,29VT00578
Model 1 (CRNN v1),type2_358.jpg,67U 0316,67U 00316,67U0316,67U00316
Model 1 (CRNN v1),type1_700.jpg,30K 06171,51B 02571,30K06171,51B02571
Model 1 (CRNN v1),car_214.jpg,30A 52186,30A 57785,30A52186,30A57785
Model 1 (CRNN v1),type2_396.jpg,67B1 12173,60B8 11218,67B112173,60B811218
Model 1 (CRNN v1),type3_320.jpg,60MĐ2 50009,60MĐ4 50009,60MĐ250009,60MĐ450009
Model 1 (CRNN v1),type3_747.jpg,29KT 11189,29V 1998,29KT11189,29V1998
Model 1 (CRNN v1),type3_169.jpg,20LD 00091,29LD 00091,20LD00091,29LD00091
Model 1 (CRNN v1),type5_084.jpg,TT 3737,VT 3737,TT3737,VT3737
Model 1 (CRNN v1),type1_774.jpg,51L 22941,51K 22941,51L22941,51K22941
Model 1 (CRNN v1),mb_563.jpg,59N1 76049,59M1 76049,59N176049,59M176049
Model 1 (CRNN v1),type2_859.jpg,60 873AK,60 813AL,60873AK,60813AL
Model 1 (CRNN v1),type2_391.jpg,60B6 61622,60B8 61672,60B661622,60B861672
Model 1 (CRNN v1),type2_926.jpg,60AN 07963,60AA 07963,60AN07963,60AA07963
Model 1 (CRNN v1),type4_562.jpg,80A 03637,80A 03630,80A03637,80A03630
Model 1 (CRNN v1),type2_510.jpg,60U7 0648,60R2 0648,60U70648,60R20648
Model 1 (CRNN v1),type3_921.jpg,49LD 00070,29CD 0047,49LD00070,29CD0047
Model 1 (CRNN v1),type1_595.jpg,70A 5157,70A 51157,70A5157,70A51157
Model 1 (CRNN v1),type5_469.jpg,HE 5192,QH 5192,HE5192,QH5192
Model 1 (CRNN v1),mb_36.jpg,59H1 54792,59H1 54752,59H154792,59H154752
Model 1 (CRNN v1),type7_150.jpg,43A 28930,43H 31036,43A28930,43H31036
Model 1 (CRNN v1),type1_392.jpg,15K 11214,15C 11214,15K11214,15C11214
Model 1 (CRNN v1),type5_321.jpg,QK 2254,QB 2254,QK2254,QB2254
Model 1 (CRNN v1),mb_555.jpg,54L5 9913,64L5 9913,54L59913,64L59913
Model 1 (CRNN v1),type2_836_lp.jpg,60FN 3437,60F1 3437,60FN3437,60F13437
Model 1 (CRNN v1),type7_889.jpg,85E 00199,29E 02133,85E00199,29E02133
Model 1 (CRNN v1),type4_226.jpg,60A 00496,60A 00449,60A00496,60A00449
Model 1 (CRNN v1),type5_191_lp.jpg,BK 6341,BA 6341,BK6341,BA6341
Model 1 (CRNN v1),type2_362_lp.jpg,59M4 99999,59M2 99999,59M499999,59M299999
Model 1 (CRNN v1),type2_458.jpg,59U1 96110,59D1 96110,59U196110,59D196110
Model 1 (CRNN v1),type7_475.jpg,51B 51462,51G 51462,51B51462,51G51462
Model 1 (CRNN v1),type2_740.jpg,53RA 9596,53P4 9596,53RA9596,53P49596
Model 1 (CRNN v1),type2_403.jpg,85F1 28996,85F1 28986,85F128996,85F128986
Model 1 (CRNN v1),type4_699.jpg,60C 0331,60C 00531,60C0331,60C00531
Model 1 (CRNN v1),type5_483.jpg,BT 5263,50L 1109,BT5263,50L1109
Model 1 (CRNN v1),type1_685.jpg,51K 91933,51A 91833,51K91933,51A91833
Model 1 (CRNN v1),car_269.jpg,30G 47926,30G 47825,30G47926,30G47825
Model 1 (CRNN v1),type3_972.jpg,68LA 0144,66D 00144,68LA0144,66D00144
Model 1 (CRNN v1),type7_603.jpg,72B 02225,79G 00246,72B02225,79G00246
Model 1 (CRNN v1),type2_316.jpg,21 822HC,23 827HC,21822HC,23827HC
Model 1 (CRNN v1),type2_078.jpg,95H1 12285,95H1 12205,95H112285,95H112205
Model 1 (CRNN v1),type7_279.jpg,29B 15218,29B 15210,29B15218,29B15210
Model 1 (CRNN v1),type4_188.jpg,60A 00421,60A 00427,60A00421,60A00427
Model 1 (CRNN v1),type2_099.jpg,29AE 01728,29BF 01228,29AE01728,29BF01228
Model 1 (CRNN v1),type4_223.jpg,80A 23839,80A 33839,80A23839,80A33839
Model 1 (CRNN v1),type2_152.jpg,29AB 25362,29B9 25362,29AB25362,29B925362
Model 1 (CRNN v1),type7_834.jpg,50H 27512,50H 37512,50H27512,50H37512
Model 1 (CRNN v1),type3_311.jpg,60MĐ1 02626,60F2 11833,60MĐ102626,60F211833
Model 1 (CRNN v1),car_574.jpg,29V 1910,29N 1910,29V1910,29N1910
Model 1 (CRNN v1),type5_219.jpg,TN 1561,TM 1561,TN1561,TM1561
Model 1 (CRNN v1),type7_565.jpg,60B 03637,60B 00537,60B03637,60B00537
Model 1 (CRNN v1),type2_490.jpg,59M1 30802,59V1 30802,59M130802,59V130802
Model 1 (CRNN v1),type2_616.jpg,60M8 6704,60V8 6704,60M86704,60V86704
Model 1 (CRNN v1),mb_73.jpg,54U5 7406,54R5 7406,54U57406,54R57406
Model 1 (CRNN v1),type5_362_lp.jpg,HE 5204,HC 5204,HE5204,HC5204
Model 1 (CRNN v1),type7_414.jpg,60C 22037,60C 22301,60C22037,60C22301
Model 1 (CRNN v1),type2_476.jpg,63B7 61096,63B1 60098,63B761096,63B160098
Model 1 (CRNN v1),type7_326.jpg,29H 92743,29H 32743,29H92743,29H32743
Model 1 (CRNN v1),type4_442.jpg,61A 00840,61A 00940,61A00840,61A00940
Model 1 (CRNN v1),type1_458.jpg,60C 46680,15E 00863,60C46680,15E00863
Model 1 (CRNN v1),type3_651.jpg,68HC 00058,80A 00039,68HC00058,80A00039
Model 1 (CRNN v1),type1_109.jpg,30H 94349,30H 34349,30H94349,30H34349
Model 1 (CRNN v1),type4_631.jpg,76A 00287,78A 00287,76A00287,78A00287
Model 1 (CRNN v1),mb_236.jpg,59N1 87957,59M1 87957,59N187957,59M187957
Model 1 (CRNN v1),mb_587.jpg,43H1 6799,43H7 6799,43H16799,43H76799
Model 1 (CRNN v1),type2_965.jpg,59TA 12164,59TA 12760,59TA12164,59TA12760
Model 1 (CRNN v1),type6_062.jpg,41A1 00028,49A1 00028,41A100028,49A100028
Model 1 (CRNN v1),type4_440.jpg,50A 02074,50A 02044,50A02074,50A02044
Model 1 (CRNN v1),type2_427.jpg,60B7 38221,60B1 38221,60B738221,60B138221
Model 1 (CRNN v1),type2_636_lp.jpg,52NA 7875,52N4 7875,52NA7875,52N47875
Model 1 (CRNN v1),car_57.jpg,29A 97701,29A 92201,29A97701,29A92201
Model 1 (CRNN v1),type5_469_lp.jpg,HE 5192,QH 5192,HE5192,QH5192
Model 1 (CRNN v1),type3_855.jpg,79LD 00177,79LD 00133,79LD00177,79LD00133
Model 1 (CRNN v1),car_47.jpg,30A 59464,30A 89464,30A59464,30A89464
Model 2 (CRNN v2),mb_239.jpg,54R2 4924,54P2 4924,54R24924,54P24924
Model 2 (CRNN v2),car_528.jpg,30E 54093,30E 54099,30E54093,30E54099
Model 2 (CRNN v2),type2_538.jpg,95B1 01211,85B1 01211,95B101211,85B101211
Model 2 (CRNN v2),type4_598.jpg,29M 00461,29A 02461,29M00461,29A02461
Model 2 (CRNN v2),car_90.jpg,30F 32665,30E 32665,30F32665,30E32665
Model 2 (CRNN v2),type1_117.jpg,30P 6953,30G 6853,30P6953,30G6853
Model 2 (CRNN v2),type2_341.jpg,29Y5 88647,70A6 09547,29Y588647,70A609547
Model 2 (CRNN v2),type2_173.jpg,67AN 03040,67AA 03040,67AN03040,67AA03040
Model 2 (CRNN v2),type2_974_lp.jpg,76M1 01887,76UH1 01887,76M101887,76UH101887
Model 2 (CRNN v2),type1_437.jpg,60M 0898,60A 19508,60M0898,60A19508
Model 2 (CRNN v2),mb_106.jpg,54S1 4959,54S7 4959,54S14959,54S74959
Model 2 (CRNN v2),type7_597.jpg,29B 20545,29H 28100,29B20545,29H28100
Model 2 (CRNN v2),type2_905.jpg,36B2 84881,39P2 64881,36B284881,39P264881
Model 2 (CRNN v2),type5_177.jpg,KD 7739,50A 00349,KD7739,50A00349
Model 2 (CRNN v2),type2_246.jpg,59A3 14138,60AA 43798,59A314138,60AA43798
Model 2 (CRNN v2),mb_590.jpg,92N1 03003,92H1 03003,92N103003,92H103003
Model 2 (CRNN v2),type2_684_lp.jpg,51FC 0821,51FB 0821,51FC0821,51FB0821
Model 2 (CRNN v2),type3_834.jpg,78LD 0037,78LD 0033,78LD0037,78LD0033
Model 2 (CRNN v2),type2_406.jpg,71C2 80311,71C2 00311,71C280311,71C200311
Model 2 (CRNN v2),type7_276.jpg,75H 02077,39A 01077,75H02077,39A01077
Model 2 (CRNN v2),mb_360.jpg,54T5 4498,54K5 4498,54T54498,54K54498
Model 2 (CRNN v2),type4_013.jpg,29A 01886,60A 00292,29A01886,60A00292
Model 2 (CRNN v2),type5_054.jpg,KP 1139,KP 1039,KP1139,KP1039
Model 2 (CRNN v2),type2_474_lp.jpg,73N8 2754,73HB 2754,73N82754,73HB2754
Model 2 (CRNN v2),type2_446.jpg,20B1 77896,70B1 77896,20B177896,70B177896
Model 2 (CRNN v2),type7_044.jpg,36B 03205,50A 3339,36B03205,50A3339
Model 2 (CRNN v2),type2_788.jpg,50N2 30488,60A2 10003,50N230488,60A210003
Model 2 (CRNN v2),type2_859_lp.jpg,60 873AK,60 873AL,60873AK,60873AL
Model 2 (CRNN v2),type3_955.jpg,79KT 00014,29LA 00014,79KT00014,29LA00014
Model 2 (CRNN v2),type2_036_lp.jpg,60FK 9776,60F4 9776,60FK9776,60F49776
Model 2 (CRNN v2),type4_936.jpg,60M 00511,60M 00014,60M00511,60M00014
Model 2 (CRNN v2),type2_531.jpg,52N1 1537,52ND 1537,52N11537,52ND1537
Model 2 (CRNN v2),type3_517.jpg,60MĐ1 01563,60MĐ1 01063,60MĐ101563,60MĐ101063
Model 2 (CRNN v2),type3_661.jpg,68HC 00065,68HC 00055,68HC00065,68HC00055
Model 2 (CRNN v2),type3_628.jpg,68HC 00042,80A 04989,68HC00042,80A04989
Model 2 (CRNN v2),type2_660.jpg,72 781FA,72 781K1,72781FA,72781K1
Model 2 (CRNN v2),type2_385.jpg,29BD 04447,60A1 88449,29BD04447,60A188449
Model 2 (CRNN v2),type3_913.jpg,50LD 05450,50LD 10500,50LD05450,50LD10500
Model 2 (CRNN v2),type1_197.jpg,36A 78658,36A 78656,36A78658,36A78656
Model 2 (CRNN v2),type2_256.jpg,39F3 3811,60A1 11010,39F33811,60A111010
Model 2 (CRNN v2),type2_413_lp.jpg,59X2 44914,59K2 44914,59X244914,59K244914
Model 2 (CRNN v2),type7_917.jpg,48E 00110,29E 00110,48E00110,29E00110
Model 2 (CRNN v2),mb_318.jpg,77L1 37372,771 37372,77L137372,77137372
Model 2 (CRNN v2),type2_835.jpg,60T6 6916,60X6 6916,60T66916,60X66916
Model 2 (CRNN v2),mb_231.jpg,59M1 89404,59V1 89404,59M189404,59V189404
Model 2 (CRNN v2),type4_380.jpg,80A 23368,80A 25066,80A23368,80A25066
Model 2 (CRNN v2),type2_752.jpg,60Y3 6219,60Y3 6719,60Y36219,60Y36719
Model 2 (CRNN v2),type3_561.jpg,68HC 00001,79L 00049,68HC00001,79L00049
Model 2 (CRNN v2),type4_744.jpg,80A 05647,50A 00347,80A05647,50A00347
Model 2 (CRNN v2),type2_848.jpg,60AA 25721,60MĐ1 00061,60AA25721,60MĐ100061
Model 2 (CRNN v2),type3_971.jpg,51HC 00044,51H 00044,51HC00044,51H00044
Model 2 (CRNN v2),type4_322.jpg,31A 9589,31A 9549,31A9589,31A9549
Model 2 (CRNN v2),type6_059.jpg,68F2 00045,68F1 00049,68F200045,68F100049
Model 2 (CRNN v2),type4_913.jpg,50A 01436,60A 01436,50A01436,60A01436
Model 2 (CRNN v2),type3_463.jpg,29LD 03677,29LD 03637,29LD03677,29LD03637
Model 2 (CRNN v2),type3_776.jpg,79HC 00038,30A 00375,79HC00038,30A00375
Model 2 (CRNN v2),type2_794.jpg,60B6 82226,60BD 32225,60B682226,60BD32225
Model 2 (CRNN v2),type2_455_lp.jpg,59D1 90994,59U1 90994,59D190994,59U190994
Model 2 (CRNN v2),car_524.jpg,30G 61086,30G 61085,30G61086,30G61085
Model 2 (CRNN v2),type4_281.jpg,80A 00850,80A 00835,80A00850,80A00835
Model 2 (CRNN v2),type4_309.jpg,34A 00140,89A 06169,34A00140,89A06169
Model 2 (CRNN v2),type2_698.jpg,61L6 9160,50LD 09160,61L69160,50LD09160
Model 2 (CRNN v2),type7_283.jpg,29B 60155,29B 00165,29B60155,29B00165
Model 2 (CRNN v2),type7_032.jpg,14G 00678,14B 00678,14G00678,14B00678
Model 2 (CRNN v2),mb_166.jpg,68X1 21002,68K1 21002,68X121002,68K121002
Model 2 (CRNN v2),type4_835.jpg,60A 00171,60A 00121,60A00171,60A00121
Model 2 (CRNN v2),type1_473.jpg,37C 08284,30C 06284,37C08284,30C06284
Model 2 (CRNN v2),type7_850.jpg,50E 12063,50E 02063,50E12063,50E02063
Model 2 (CRNN v2),type5_010.jpg,BC 4337,8C 4337,BC4337,8C4337
Model 2 (CRNN v2),type4_995.jpg,29A 02230,61L 00593,29A02230,61L00593
Model 2 (CRNN v2),type1_683.jpg,51H 31133,51H 31138,51H31133,51H31138
Model 2 (CRNN v2),car_40.jpg,24D 00082,24H 00082,24D00082,24H00082
Model 2 (CRNN v2),type7_077.jpg,70C 06705,70C 06709,70C06705,70C06709
Model 2 (CRNN v2),mb_329.jpg,59C2 11894,59L2 11894,59C211894,59L211894
Model 2 (CRNN v2),type4_011.jpg,34A 00900,30E 00981,34A00900,30E00981
Model 2 (CRNN v2),type2_517.jpg,66F1 72084,66K1 72084,66F172084,66K172084
Model 2 (CRNN v2),type4_357.jpg,80B 3955,80P 7755,80B3955,80P7755
Model 2 (CRNN v2),type2_356_lp.jpg,88D1 15499,81 15499,88D115499,8115499
Model 2 (CRNN v2),type3_333.jpg,62LD 00371,62LD 00337,62LD00371,62LD00337
Model 2 (CRNN v2),type7_626.jpg,72N 9238,72H 9238,72N9238,72H9238
Model 2 (CRNN v2),type2_079.jpg,60B1 73993,60B1 23993,60B173993,60B123993
Model 2 (CRNN v2),type5_143.jpg,KP 4614,PP 4434,KP4614,PP4434
Model 2 (CRNN v2),type4_336.jpg,29A 01047,29A 00947,29A01047,29A00947
Model 2 (CRNN v2),type4_571.jpg,29A 02786,29A 02789,29A02786,29A02789
Model 2 (CRNN v2),type1_071.jpg,30H 60624,50H 60624,30H60624,50H60624
Model 2 (CRNN v2),type4_431.jpg,50A 02077,50A 02877,50A02077,50A02877
Model 2 (CRNN v2),type2_419.jpg,59F1 33267,59F1 33767,59F133267,59F133767
Model 2 (CRNN v2),type3_931.jpg,79HC 00036,79HC 00035,79HC00036,79HC00035
Model 2 (CRNN v2),type2_694.jpg,61L6 8027,60AA 08906,61L68027,60AA08906
Model 2 (CRNN v2),type3_418.jpg,60LD 04557,60LD 04551,60LD04557,60LD04551
Model 2 (CRNN v2),type2_229.jpg,60A1 00159,60A1 80159,60A100159,60A180159
Model 2 (CRNN v2),type3_838.jpg,79LD 00166,79LD 00169,79LD00166,79LD00169
Model 2 (CRNN v2),type7_899.jpg,51H 12822,51B 12820,51H12822,51B12820
Model 2 (CRNN v2),type3_854.jpg,79LD 00184,59LD 08184,79LD00184,59LD08184
Model 2 (CRNN v2),type2_226.jpg,60A1 07103,60B1 07103,60A107103,60B107103
Model 2 (CRNN v2),type2_802_lp.jpg,60FK 5049,60F4 5049,60FK5049,60F45049
Model 2 (CRNN v2),type4_538.jpg,80A 28699,80A 26699,80A28699,80A26699
Model 2 (CRNN v2),type2_593.jpg,39F5 0708,39F3 0708,39F50708,39F30708
Model 2 (CRNN v2),type5_184.jpg,TC 3986,TC 3968,TC3986,TC3968
Model 2 (CRNN v2),type2_664.jpg,52P6 3832,52R5 3832,52P63832,52R53832
Model 2 (CRNN v2),type7_946.jpg,29H 94969,29H 54169,29H94969,29H54169
Model 2 (CRNN v2),type5_251.jpg,KT 5858,51A 00987,KT5858,51A00987
Model 2 (CRNN v2),mb_593.jpg,59N1 25521,59H1 25521,59N125521,59H125521
Model 2 (CRNN v2),type7_316.jpg,86B 01315,6B 0128,86B01315,6B0128
Model 2 (CRNN v2),type3_046.jpg,50LD 00868,50LD 00003,50LD00868,50LD00003
Model 2 (CRNN v2),mb_215.jpg,54U1 4469,54D1 4469,54U14469,54D14469
Model 2 (CRNN v2),type2_929.jpg,60B9 74685,60B3 74685,60B974685,60B374685
Model 2 (CRNN v2),type7_662.jpg,51G 57218,51K 51215,51G57218,51K51215
Model 2 (CRNN v2),type2_738.jpg,60T7 1471,60Y7 1471,60T71471,60Y71471
Model 2 (CRNN v2),type4_163.jpg,23A 00886,29A 00886,23A00886,29A00886
Model 2 (CRNN v2),type7_900.jpg,50H 36523,50B 26947,50H36523,50B26947
Model 2 (CRNN v2),type4_462.jpg,60A 01199,60C 00068,60A01199,60C00068
Model 2 (CRNN v2),type7_880.jpg,51H 18036,41B 00934,51H18036,41B00934
Model 2 (CRNN v2),type2_979.jpg,60F2 24385,60F2 04055,60F224385,60F204055
Model 2 (CRNN v2),car_45.jpg,30E 99127,30E 99120,30E99127,30E99120
Model 2 (CRNN v2),type3_485.jpg,50LD 13210,30LD 13210,50LD13210,30LD13210
Model 2 (CRNN v2),type2_068_lp.jpg,36K9 1825,36X9 1825,36K91825,36X91825
Model 2 (CRNN v2),type7_618.jpg,51B 28111,51B 21020,51B28111,51B21020
Model 2 (CRNN v2),type2_420.jpg,59H1 11819,59M1 11818,59H111819,59M111818
Model 2 (CRNN v2),type2_474.jpg,73N8 2754,7B1 22754,73N82754,7B122754
Model 2 (CRNN v2),type2_344.jpg,50R 9233,50H 9433,50R9233,50H9433
Model 2 (CRNN v2),type7_140.jpg,29B 19723,29B 11721,29B19723,29B11721
Model 2 (CRNN v2),type7_323.jpg,29F 02813,29B 01636,29F02813,29B01636
Model 2 (CRNN v2),type4_947.jpg,80A 04974,80A 9974,80A04974,80A9974
Model 2 (CRNN v2),type1_899.jpg,51A 33964,51L 70649,51A33964,51L70649
Model 2 (CRNN v2),type2_459.jpg,59U1 02795,59D1 02799,59U102795,59D102799
Model 2 (CRNN v2),type5_373.jpg,KV 7730,VT 7130,KV7730,VT7130
Model 2 (CRNN v2),type4_420.jpg,50A 02076,60A 00310,50A02076,60A00310
Model 2 (CRNN v2),type1_316.jpg,72M 5752,12H 71522,72M5752,12H71522
Model 2 (CRNN v2),mb_31.jpg,59X1 24340,59T1 24340,59X124340,59T124340
Model 2 (CRNN v2),type3_158.jpg,37HC 00091,37HC 10099,37HC00091,37HC10099
Model 2 (CRNN v2),type6_043.jpg,60B8 00072,60B1 00072,60B800072,60B100072
Model 2 (CRNN v2),type3_277.jpg,29KT 00576,29VT 00578,29KT00576,29VT00578
Model 2 (CRNN v2),type2_358.jpg,67U 0316,67U 00316,67U0316,67U00316
Model 2 (CRNN v2),type1_700.jpg,30K 06171,51B 02571,30K06171,51B02571
Model 2 (CRNN v2),car_214.jpg,30A 52186,30A 57785,30A52186,30A57785
Model 2 (CRNN v2),type2_396.jpg,67B1 12173,60B8 11218,67B112173,60B811218
Model 2 (CRNN v2),type3_320.jpg,60MĐ2 50009,60MĐ4 50009,60MĐ250009,60MĐ450009
Model 2 (CRNN v2),type3_747.jpg,29KT 11189,29V 1998,29KT11189,29V1998
Model 2 (CRNN v2),type3_169.jpg,20LD 00091,29LD 00091,20LD00091,29LD00091
Model 2 (CRNN v2),type5_084.jpg,TT 3737,VT 3737,TT3737,VT3737
Model 2 (CRNN v2),type1_774.jpg,51L 22941,51K 22941,51L22941,51K22941
Model 2 (CRNN v2),mb_563.jpg,59N1 76049,59M1 76049,59N176049,59M176049
Model 2 (CRNN v2),type2_859.jpg,60 873AK,60 813AL,60873AK,60813AL
Model 2 (CRNN v2),type2_391.jpg,60B6 61622,60B8 61672,60B661622,60B861672
Model 2 (CRNN v2),type2_926.jpg,60AN 07963,60AA 07963,60AN07963,60AA07963
Model 2 (CRNN v2),type4_562.jpg,80A 03637,80A 03630,80A03637,80A03630
Model 2 (CRNN v2),type2_510.jpg,60U7 0648,60R2 0648,60U70648,60R20648
Model 2 (CRNN v2),type3_921.jpg,49LD 00070,29CD 0047,49LD00070,29CD0047
Model 2 (CRNN v2),type1_595.jpg,70A 5157,70A 51157,70A5157,70A51157
Model 2 (CRNN v2),type5_469.jpg,HE 5192,QH 5192,HE5192,QH5192
Model 2 (CRNN v2),mb_36.jpg,59H1 54792,59H1 54752,59H154792,59H154752
Model 2 (CRNN v2),type7_150.jpg,43A 28930,43H 31036,43A28930,43H31036
Model 2 (CRNN v2),type1_392.jpg,15K 11214,15C 11214,15K11214,15C11214
Model 2 (CRNN v2),type5_321.jpg,QK 2254,QB 2254,QK2254,QB2254
Model 2 (CRNN v2),mb_555.jpg,54L5 9913,64L5 9913,54L59913,64L59913
Model 2 (CRNN v2),type2_836_lp.jpg,60FN 3437,60F1 3437,60FN3437,60F13437
Model 2 (CRNN v2),type7_889.jpg,85E 00199,29E 02133,85E00199,29E02133
Model 2 (CRNN v2),type4_226.jpg,60A 00496,60A 00449,60A00496,60A00449
Model 2 (CRNN v2),type5_191_lp.jpg,BK 6341,BA 6341,BK6341,BA6341
Model 2 (CRNN v2),type2_362_lp.jpg,59M4 99999,59M2 99999,59M499999,59M299999
Model 2 (CRNN v2),type2_458.jpg,59U1 96110,59D1 96110,59U196110,59D196110
Model 2 (CRNN v2),type7_475.jpg,51B 51462,51G 51462,51B51462,51G51462
Model 2 (CRNN v2),type2_740.jpg,53RA 9596,53P4 9596,53RA9596,53P49596
Model 2 (CRNN v2),type2_403.jpg,85F1 28996,85F1 28986,85F128996,85F128986
Model 2 (CRNN v2),type4_699.jpg,60C 0331,60C 00531,60C0331,60C00531
Model 2 (CRNN v2),type5_483.jpg,BT 5263,50L 1109,BT5263,50L1109
Model 2 (CRNN v2),type1_685.jpg,51K 91933,51A 91833,51K91933,51A91833
Model 2 (CRNN v2),car_269.jpg,30G 47926,30G 47825,30G47926,30G47825
Model 2 (CRNN v2),type3_972.jpg,68LA 0144,66D 00144,68LA0144,66D00144
Model 2 (CRNN v2),type7_603.jpg,72B 02225,79G 00246,72B02225,79G00246
Model 2 (CRNN v2),type2_316.jpg,21 822HC,23 827HC,21822HC,23827HC
Model 2 (CRNN v2),type2_078.jpg,95H1 12285,95H1 12205,95H112285,95H112205
Model 2 (CRNN v2),type7_279.jpg,29B 15218,29B 15210,29B15218,29B15210
Model 2 (CRNN v2),type4_188.jpg,60A 00421,60A 00427,60A00421,60A00427
Model 2 (CRNN v2),type2_099.jpg,29AE 01728,29BF 01228,29AE01728,29BF01228
Model 2 (CRNN v2),type4_223.jpg,80A 23839,80A 33839,80A23839,80A33839
Model 2 (CRNN v2),type2_152.jpg,29AB 25362,29B9 25362,29AB25362,29B925362
Model 2 (CRNN v2),type7_834.jpg,50H 27512,50H 37512,50H27512,50H37512
Model 2 (CRNN v2),type3_311.jpg,60MĐ1 02626,60F2 11833,60MĐ102626,60F211833
Model 2 (CRNN v2),car_574.jpg,29V 1910,29N 1910,29V1910,29N1910
Model 2 (CRNN v2),type5_219.jpg,TN 1561,TM 1561,TN1561,TM1561
Model 2 (CRNN v2),type7_565.jpg,60B 03637,60B 00537,60B03637,60B00537
Model 2 (CRNN v2),type2_490.jpg,59M1 30802,59V1 30802,59M130802,59V130802
Model 2 (CRNN v2),type2_616.jpg,60M8 6704,60V8 6704,60M86704,60V86704
Model 2 (CRNN v2),mb_73.jpg,54U5 7406,54R5 7406,54U57406,54R57406
Model 2 (CRNN v2),type5_362_lp.jpg,HE 5204,HC 5204,HE5204,HC5204
Model 2 (CRNN v2),type7_414.jpg,60C 22037,60C 22301,60C22037,60C22301
Model 2 (CRNN v2),type2_476.jpg,63B7 61096,63B1 60098,63B761096,63B160098
Model 2 (CRNN v2),type7_326.jpg,29H 92743,29H 32743,29H92743,29H32743
Model 2 (CRNN v2),type4_442.jpg,61A 00840,61A 00940,61A00840,61A00940
Model 2 (CRNN v2),type1_458.jpg,60C 46680,15E 00863,60C46680,15E00863
Model 2 (CRNN v2),type3_651.jpg,68HC 00058,80A 00039,68HC00058,80A00039
Model 2 (CRNN v2),type1_109.jpg,30H 94349,30H 34349,30H94349,30H34349
Model 2 (CRNN v2),type4_631.jpg,76A 00287,78A 00287,76A00287,78A00287
Model 2 (CRNN v2),mb_236.jpg,59N1 87957,59M1 87957,59N187957,59M187957
Model 2 (CRNN v2),mb_587.jpg,43H1 6799,43H7 6799,43H16799,43H76799
Model 2 (CRNN v2),type2_965.jpg,59TA 12164,59TA 12760,59TA12164,59TA12760
Model 2 (CRNN v2),type6_062.jpg,41A1 00028,49A1 00028,41A100028,49A100028
Model 2 (CRNN v2),type4_440.jpg,50A 02074,50A 02044,50A02074,50A02044
Model 2 (CRNN v2),type2_427.jpg,60B7 38221,60B1 38221,60B738221,60B138221
Model 2 (CRNN v2),type2_636_lp.jpg,52NA 7875,52N4 7875,52NA7875,52N47875
Model 2 (CRNN v2),car_57.jpg,29A 97701,29A 92201,29A97701,29A92201
Model 2 (CRNN v2),type5_469_lp.jpg,HE 5192,QH 5192,HE5192,QH5192
Model 2 (CRNN v2),type3_855.jpg,79LD 00177,79LD 00133,79LD00177,79LD00133
Model 2 (CRNN v2),car_47.jpg,30A 59464,30A 89464,30A59464,30A89464
Model 3 (Ensemble),car_528.jpg,30E 54093,30E60099,30E54093,30E60099
Model 3 (Ensemble),type2_538.jpg,95B1 01211,35B10221,95B101211,35B10221
Model 3 (Ensemble),type4_598.jpg,29M 00461,29A00461,29M00461,29A00461
Model 3 (Ensemble),car_90.jpg,30F 32665,30E3265,30F32665,30E3265
Model 3 (Ensemble),type1_117.jpg,30P 6953,30P6553,30P6953,30P6553
Model 3 (Ensemble),type2_341.jpg,29Y5 88647,29F58847,29Y588647,29F58847
Model 3 (Ensemble),type2_173.jpg,67AN 03040,67A803040,67AN03040,67A803040
Model 3 (Ensemble),type2_974_lp.jpg,76M1 01887,76M10187,76M101887,76M10187
Model 3 (Ensemble),type1_437.jpg,60M 0898,60M10899,60M0898,60M10899
Model 3 (Ensemble),type4_051_lp.jpg,60A 00554,60A06554,60A00554,60A06554
Model 3 (Ensemble),type7_597.jpg,29B 20545,29H10140,29B20545,29H10140
Model 3 (Ensemble),type2_905.jpg,36B2 84881,39B22481,36B284881,39B22481
Model 3 (Ensemble),type5_177.jpg,KD 7739,50I7730,KD7739,50I7730
Model 3 (Ensemble),type7_529.jpg,50H 42635,50H4235,50H42635,50H4235
Model 3 (Ensemble),type2_246.jpg,59A3 14138,49AA43798,59A314138,49AA43798
Model 3 (Ensemble),type2_379_lp.jpg,60FA 0001,60F40001,60FA0001,60F40001
Model 3 (Ensemble),type3_858_lp.jpg,79HC 00007,79HC0007,79HC00007,79HC0007
Model 3 (Ensemble),mb_590.jpg,92N1 03003,92N10303,92N103003,92N10303
Model 3 (Ensemble),type2_047.jpg,60F1 84279,60F182275,60F184279,60F182275
Model 3 (Ensemble),type2_937.jpg,60B3 48267,60B34827,60B348267,60B34827
Model 3 (Ensemble),type2_181.jpg,39F1 6534,3F16634,39F16534,3F16634
Model 3 (Ensemble),type3_388_lp.jpg,14HC 02886,14HC0286,14HC02886,14HC0286
Model 3 (Ensemble),type3_834.jpg,78LD 0037,79LD0097,78LD0037,79LD0097
Model 3 (Ensemble),type4_365.jpg,80A 06858,80A0158,80A06858,80A0158
Model 3 (Ensemble),type2_334.jpg,59N3 00896,59M30096,59N300896,59M30096
Model 3 (Ensemble),type2_406.jpg,71C2 80311,71F280011,71C280311,71F280011
Model 3 (Ensemble),type4_704_lp.jpg,60CD 00012,60C000012,60CD00012,60C000012
Model 3 (Ensemble),type7_276.jpg,75H 02077,29H10077,75H02077,29H10077
Model 3 (Ensemble),type2_888.jpg,72C1 72076,72C122076,72C172076,72C122076
Model 3 (Ensemble),car_115.jpg,30F 07555,30F03055,30F07555,30F03055
Model 3 (Ensemble),type1_708.jpg,30A 70770,30A7070,30A70770,30A7070
Model 3 (Ensemble),type4_013.jpg,29A 01886,79A100293,29A01886,79A100293
Model 3 (Ensemble),type5_054.jpg,KP 1139,KP139,KP1139,KP139
Model 3 (Ensemble),type7_044.jpg,36B 03205,20A0005,36B03205,20A0005
Model 3 (Ensemble),type4_782_lp.jpg,60A 00112,60A06012,60A00112,60A06012
Model 3 (Ensemble),type2_788.jpg,50N2 30488,60F10008,50N230488,60F10008
Model 3 (Ensemble),type2_065_lp.jpg,38X1 17994,38X11794,38X117994,38X11794
Model 3 (Ensemble),type2_683.jpg,70 804PM,70004RH,70804PM,70004RH
Model 3 (Ensemble),type3_781_lp.jpg,79LA 0292,79L40292,79LA0292,79L40292
Model 3 (Ensemble),type3_955.jpg,79KT 00014,79K00044,79KT00014,79K00044
Model 3 (Ensemble),type7_171_lp.jpg,26F 00223,26F02223,26F00223,26F02223
Model 3 (Ensemble),type3_204_lp.jpg,65KT 00011,65K100011,65KT00011,65K100011
Model 3 (Ensemble),type7_948.jpg,29E 07319,29E07375,29E07319,29E07375
Model 3 (Ensemble),type4_878.jpg,29A 02800,29A02900,29A02800,29A02900
Model 3 (Ensemble),type4_936.jpg,60M 00511,60A00811,60M00511,60A00811
Model 3 (Ensemble),type2_531.jpg,52N1 1537,52N11577,52N11537,52N11577
Model 3 (Ensemble),type2_253.jpg,30F8 6024,30F86624,30F86024,30F86624
Model 3 (Ensemble),type3_517.jpg,60MĐ1 01563,60MĐ401849,60MĐ101563,60MĐ401849
Model 3 (Ensemble),type1_689.jpg,29B 50080,29B5080,29B50080,29B5080
Model 3 (Ensemble),type3_059.jpg,29KT 10352,29K10352,29KT10352,29K10352
Model 3 (Ensemble),type4_521.jpg,80A 00396,80A00355,80A00396,80A00355
Model 3 (Ensemble),type3_628.jpg,68HC 00042,60A064,68HC00042,60A064
Model 3 (Ensemble),type2_376.jpg,60B1 25456,60B126655,60B125456,60B126655
Model 3 (Ensemble),type2_660.jpg,72 781FA,7278HR,72781FA,7278HR
Model 3 (Ensemble),type3_768.jpg,61LD 07229,61LD0729,61LD07229,61LD0729
Model 3 (Ensemble),type2_385.jpg,29BD 04447,60B81227,29BD04447,60B81227
Model 3 (Ensemble),type4_219.jpg,80A 03588,80A03858,80A03588,80A03858
Model 3 (Ensemble),type3_913.jpg,50LD 05450,80LD0889,50LD05450,80LD0889
Model 3 (Ensemble),type1_197.jpg,36A 78658,30A08658,36A78658,30A08658
Model 3 (Ensemble),type7_425_lp.jpg,29H 93881,29H9381,29H93881,29H9381
Model 3 (Ensemble),type2_256.jpg,39F3 3811,60A004,39F33811,60A004
Model 3 (Ensemble),type2_297.jpg,60AA 14444,60A41444,60AA14444,60A41444
Model 3 (Ensemble),type3_810_lp.jpg,79LA 0210,79L40210,79LA0210,79L40210
Model 3 (Ensemble),type7_917.jpg,48E 00110,29E0016,48E00110,29E0016
Model 3 (Ensemble),type4_014.jpg,60CD 00012,60C000012,60CD00012,60C000012
Model 3 (Ensemble),type2_835.jpg,60T6 6916,60F66916,60T66916,60F66916
Model 3 (Ensemble),type6_006.jpg,59A1 00229,59Z10029,59A100229,59Z10029
Model 3 (Ensemble),type3_423_lp.jpg,14KT 01188,14K101188,14KT01188,14K101188
Model 3 (Ensemble),type4_380.jpg,80A 23368,80A0081,80A23368,80A0081
Model 3 (Ensemble),type4_847.jpg,60A 00517,80A00517,60A00517,80A00517
Model 3 (Ensemble),type2_752.jpg,60Y3 6219,60Y36719,60Y36219,60Y36719
Model 3 (Ensemble),type3_561.jpg,68HC 00001,50H000,68HC00001,50H000
Model 3 (Ensemble),type4_744.jpg,80A 05647,80A05547,80A05647,80A05547
Model 3 (Ensemble),type4_525.jpg,80A 05708,69A05708,80A05708,69A05708
Model 3 (Ensemble),type2_952_lp.jpg,60F1 29998,60F12998,60F129998,60F12998
Model 3 (Ensemble),type2_848.jpg,60AA 25721,60A004,60AA25721,60A004
Model 3 (Ensemble),type3_971.jpg,51HC 00044,50H00044,51HC00044,50H00044
Model 3 (Ensemble),type4_920.jpg,80A 01703,80A01073,80A01703,80A01073
Model 3 (Ensemble),type4_322.jpg,31A 9589,31A8880,31A9589,31A8880
Model 3 (Ensemble),type3_374_lp.jpg,60XA 1165,60X41165,60XA1165,60X41165
Model 3 (Ensemble),type6_059.jpg,68F2 00045,59F200049,68F200045,59F200049
Model 3 (Ensemble),type7_395.jpg,18E 00110,18E0010,18E00110,18E0010
Model 3 (Ensemble),type4_913.jpg,50A 01436,60A02436,50A01436,60A02436
Model 3 (Ensemble),type3_827.jpg,98LD 0017,95LD0017,98LD0017,95LD0017
Model 3 (Ensemble),type3_463.jpg,29LD 03677,29LD03637,29LD03677,29LD03637
Model 3 (Ensemble),type2_157_lp.jpg,60LD 00008,60LD0008,60LD00008,60LD0008
Model 3 (Ensemble),type7_124_lp.jpg,60E 01991,60E0191,60E01991,60E0191
Model 3 (Ensemble),type3_776.jpg,79HC 00038,61A06037,79HC00038,61A06037
Model 3 (Ensemble),type4_470.jpg,60A 00974,60A00794,60A00974,60A00794
Model 3 (Ensemble),type5_486.jpg,QA 1504,QA11504,QA1504,QA11504
Model 3 (Ensemble),type3_303.jpg,72TĐ 00310,72TD-003:10,72TĐ00310,72TD00310
Model 3 (Ensemble),type2_794.jpg,60B6 82226,60M34226,60B682226,60M34226
Model 3 (Ensemble),type2_455_lp.jpg,59D1 90994,59D19094,59D190994,59D19094
Model 3 (Ensemble),type3_865.jpg,79LD 00256,79LD00246,79LD00256,79LD00246
Model 3 (Ensemble),type4_281.jpg,80A 00850,80A0055,80A00850,80A0055
Model 3 (Ensemble),type4_309.jpg,34A 00140,80A000,34A00140,80A000
Model 3 (Ensemble),type2_905_lp.jpg,36B2 84881,36B28481,36B284881,36B28481
Model 3 (Ensemble),type2_698.jpg,61L6 9160,51F591160,61L69160,51F591160
Model 3 (Ensemble),type2_318.jpg,51S8 9548,51S69548,51S89548,51S69548
Model 3 (Ensemble),type7_283.jpg,29B 60155,29B6016,29B60155,29B6016
Model 3 (Ensemble),car_286.jpg,29V 1910,29V41910,29V1910,29V41910
Model 3 (Ensemble),type6_014.jpg,59A1 00590,59A100580,59A100590,59A100580
Model 3 (Ensemble),type7_032.jpg,14G 00678,18A600626,14G00678,18A600626
Model 3 (Ensemble),mb_166.jpg,68X1 21002,68X12102,68X121002,68X12102
Model 3 (Ensemble),type1_473.jpg,37C 08284,30E0084,37C08284,30E0084
Model 3 (Ensemble),type1_047.jpg,30L 27132,30L27312,30L27132,30L27312
Model 3 (Ensemble),type7_850.jpg,50E 12063,51L70847,50E12063,51L70847
Model 3 (Ensemble),car_48.jpg,29A 92839,29H92839,29A92839,29H92839
Model 3 (Ensemble),type4_995.jpg,29A 02230,80B8868,29A02230,80B8868
Model 3 (Ensemble),type2_562.jpg,59P2 43570,59P235571,59P243570,59P235571
Model 3 (Ensemble),type1_683.jpg,51H 31133,51H3113,51H31133,51H3113
Model 3 (Ensemble),type2_115_lp.jpg,60F4 49007,60F44907,60F449007,60F44907
Model 3 (Ensemble),type2_308.jpg,60B5 00007,60B50007,60B500007,60B50007
Model 3 (Ensemble),car_40.jpg,24D 00082,76LD00082,24D00082,76LD00082
Model 3 (Ensemble),type3_897.jpg,49HC 00002,49HC0002,49HC00002,49HC0002
Model 3 (Ensemble),type3_507.jpg,60LD 03449,60LD0349,60LD03449,60LD0349
Model 3 (Ensemble),type7_077.jpg,70C 06705,70C06709,70C06705,70C06709
Model 3 (Ensemble),type7_812_lp.jpg,60E 00997,60E06997,60E00997,60E06997
Model 3 (Ensemble),type4_011.jpg,34A 00900,30A00501,34A00900,30A00501
Model 3 (Ensemble),type3_295.jpg,72LD 00509,70LD00509,72LD00509,70LD00509
Model 3 (Ensemble),type7_434_lp.jpg,30F 22220,30F2220,30F22220,30F2220
Model 3 (Ensemble),type2_792.jpg,60C1 72002,60C17202,60C172002,60C17202
Model 3 (Ensemble),type2_034.jpg,61N1 17570,61M117570,61N117570,61M117570
Model 3 (Ensemble),type2_517.jpg,66F1 72084,66F17004,66F172084,66F17004
Model 3 (Ensemble),type4_357.jpg,80B 3955,60B28675,80B3955,60B28675
Model 3 (Ensemble),type3_428.jpg,15HC 00374,19HC50914,15HC00374,19HC50914
Model 3 (Ensemble),type3_446.jpg,29KT 10373,29K110373,29KT10373,29K110373
Model 3 (Ensemble),type3_333.jpg,62LD 00371,60D000377,62LD00371,60D000377
Model 3 (Ensemble),type2_315.jpg,72C2 32502,72C235502,72C232502,72C235502
Model 3 (Ensemble),type2_079.jpg,60B1 73993,60F12393,60B173993,60F12393
Model 3 (Ensemble),type1_122.jpg,30G 10339,30F0339,30G10339,30F0339
Model 3 (Ensemble),type3_206_lp.jpg,60MĐ1 01228,60MĐ10128,60MĐ101228,60MĐ10128
Model 3 (Ensemble),type5_143.jpg,KP 4614,QP1194,KP4614,QP1194
Model 3 (Ensemble),type4_336.jpg,29A 01047,29A0840,29A01047,29A0840
Model 3 (Ensemble),type4_571.jpg,29A 02786,20A00715,29A02786,20A00715
Model 3 (Ensemble),type4_385.jpg,29A 02640,29A0010,29A02640,29A0010
Model 3 (Ensemble),type3_756.jpg,15MĐ6 74757,16MĐ614257,15MĐ674757,16MĐ614257
Model 3 (Ensemble),type4_431.jpg,50A 02077,50A00077,50A02077,50A00077
Model 3 (Ensemble),type3_896.jpg,49HC 00001,49HC0001,49HC00001,49HC0001
Model 3 (Ensemble),type2_419.jpg,59F1 33267,59F133367,59F133267,59F133367
Model 3 (Ensemble),type3_059_lp.jpg,29KT 10352,29K110352,29KT10352,29K110352
Model 3 (Ensemble),type3_931.jpg,79HC 00036,79HC00035,79HC00036,79HC00035
Model 3 (Ensemble),type2_843_lp.jpg,83 283J,8328J,83283J,8328J
Model 3 (Ensemble),type2_694.jpg,61L6 8027,61LD4076,61L68027,61LD4076
Model 3 (Ensemble),type3_418.jpg,60LD 04557,61LD0057,60LD04557,61LD0057
Model 3 (Ensemble),type2_229.jpg,60A1 00159,70A100159,60A100159,70A100159
Model 3 (Ensemble),type3_838.jpg,79LD 00166,79L0005,79LD00166,79L0005
Model 3 (Ensemble),type7_899.jpg,51H 12822,51H12622,51H12822,51H12622
Model 3 (Ensemble),type7_642.jpg,50E 06779,50E05079,50E06779,50E05079
Model 3 (Ensemble),type3_000.jpg,28TĐ 00067,28TD-000.67,28TĐ00067,28TD00067
Model 3 (Ensemble),type3_854.jpg,79LD 00184,39LD01187,79LD00184,39LD01187
Model 3 (Ensemble),type4_538.jpg,80A 28699,80A0961,80A28699,80A0961
Model 3 (Ensemble),type2_593.jpg,39F5 0708,39F30708,39F50708,39F30708
Model 3 (Ensemble),type5_184.jpg,TC 3986,T23968,TC3986,T23968
Model 3 (Ensemble),type3_859_lp.jpg,79LA 0153,79L40153,79LA0153,79L40153
Model 3 (Ensemble),type3_270.jpg,43HC 00009,49HC0009,43HC00009,49HC0009
Model 3 (Ensemble),type1_896.jpg,51A 13226,51A1326,51A13226,51A1326
Model 3 (Ensemble),type7_946.jpg,29H 94969,29H34129,29H94969,29H34129
Model 3 (Ensemble),type5_251.jpg,KT 5858,60A00077,KT5858,60A00077
Model 3 (Ensemble),type7_316.jpg,86B 01315,QB0100,86B01315,QB0100
Model 3 (Ensemble),type3_046.jpg,50LD 00868,50E1101,50LD00868,50E1101
Model 3 (Ensemble),type2_929.jpg,60B9 74685,60B32468,60B974685,60B32468
Model 3 (Ensemble),type7_662.jpg,51G 57218,51F57216,51G57218,51F57216
Model 3 (Ensemble),type2_738.jpg,60T7 1471,60Y74471,60T71471,60Y74471
Model 3 (Ensemble),type7_944_lp.jpg,29G 01775,29G0175,29G01775,29G0175
Model 3 (Ensemble),type7_900.jpg,50H 36523,50H36327,50H36523,50H36327
Model 3 (Ensemble),type4_462.jpg,60A 01199,60A00018,60A01199,60A00018
Model 3 (Ensemble),type7_880.jpg,51H 18036,400073R,51H18036,400073R
Model 3 (Ensemble),type2_979.jpg,60F2 24385,60F25409,60F224385,60F25409
Model 3 (Ensemble),type3_485.jpg,50LD 13210,30LD13210,50LD13210,30LD13210
Model 3 (Ensemble),type7_072.jpg,60B 03311,80B03311,60B03311,80B03311
Model 3 (Ensemble),type7_618.jpg,51B 28111,58H30100,51B28111,58H30100
Model 3 (Ensemble),type2_420.jpg,59H1 11819,53H111818,59H111819,53H111818
Model 3 (Ensemble),type3_912.jpg,41DA 00034,40AA00034,41DA00034,40AA00034
Model 3 (Ensemble),type2_713.jpg,59L1 30083,69L130083,59L130083,69L130083
Model 3 (Ensemble),type2_474.jpg,73N8 2754,15BC02144,73N82754,15BC02144
Model 3 (Ensemble),type2_344.jpg,50R 9233,50R9035,50R9233,50R9035
Model 3 (Ensemble),type7_140.jpg,29B 19723,29B11724,29B19723,29B11724
Model 3 (Ensemble),type1_488.jpg,60K 34880,60K3480,60K34880,60K3480
Model 3 (Ensemble),type7_211.jpg,51G 30713,51E32713,51G30713,51E32713
Model 3 (Ensemble),type7_323.jpg,29F 02813,59H20498,29F02813,59H20498
Model 3 (Ensemble),type4_947.jpg,80A 04974,80A04874,80A04974,80A04874
Model 3 (Ensemble),type1_899.jpg,51A 33964,30A0064,51A33964,30A0064
Model 3 (Ensemble),type3_900_lp.jpg,86XA 0237,86X40237,86XA0237,86X40237
Model 3 (Ensemble),type2_254.jpg,60AA 30595,60AA35595,60AA30595,60AA35595
Model 3 (Ensemble),type2_459.jpg,59U1 02795,59D107795,59U102795,59D107795
Model 3 (Ensemble),type5_373.jpg,KV 7730,TT7130,KV7730,TT7130
Model 3 (Ensemble),type4_420.jpg,50A 02076,50A02203,50A02076,50A02203
Model 3 (Ensemble),type3_158.jpg,37HC 00091,30F00091,37HC00091,30F00091
Model 3 (Ensemble),type3_277.jpg,29KT 00576,29T00756,29KT00576,29T00756
Model 3 (Ensemble),type1_700.jpg,30K 06171,647,30K06171,647
Model 3 (Ensemble),car_214.jpg,30A 52186,30A57188,30A52186,30A57188
Model 3 (Ensemble),type5_096_lp.jpg,TN 1405,TH1405,TN1405,TH1405
Model 3 (Ensemble),type2_396.jpg,67B1 12173,60F611077,67B112173,60F611077
Model 3 (Ensemble),type3_843.jpg,52LD 2569,52LD2509,52LD2569,52LD2509
Model 3 (Ensemble),type7_062.jpg,29F 03049,29B02049,29F03049,29B02049
Model 3 (Ensemble),type3_320.jpg,60MĐ2 50009,60MĐ25009,60MĐ250009,60MĐ25009
Model 3 (Ensemble),car_236.jpg,30G 58236,30G58326,30G58236,30G58326
Model 3 (Ensemble),type1_955.jpg,75A 06638,75A06838,75A06638,75A06838
Model 3 (Ensemble),type7_836.jpg,51B 22043,51B45644,51B22043,51B45644
Model 3 (Ensemble),type3_747.jpg,29KT 11189,29MĐ00088,29KT11189,29MĐ00088
Model 3 (Ensemble),type5_084.jpg,TT 3737,VT3737,TT3737,VT3737
Model 3 (Ensemble),type1_225_lp.jpg,36A 20993,36A23693,36A20993,36A23693
Model 3 (Ensemble),type2_859.jpg,60 873AK,60873KK,60873AK,60873KK
Model 3 (Ensemble),type1_114.jpg,30X 9809,30K9809,30X9809,30K9809
Model 3 (Ensemble),type2_391.jpg,60B6 61622,60B666124,60B661622,60B666124
Model 3 (Ensemble),type3_058_lp.jpg,50TĐ 03042,50TD-030.42,50TĐ03042,50TD03042
Model 3 (Ensemble),type2_595_lp.jpg,19G1 00009,19G10009,19G100009,19G10009
Model 3 (Ensemble),type3_928_lp.jpg,79SA 0169,79S40169,79SA0169,79S40169
Model 3 (Ensemble),mb_30.jpg,66L1 35224,66L13524,66L135224,66L13524
Model 3 (Ensemble),type5_038.jpg,TM 3257,TM327,TM3257,TM327
Model 3 (Ensemble),type3_846_lp.jpg,92SA 0086,92S40086,92SA0086,92S40086
Model 3 (Ensemble),type3_399.jpg,50LD 09471,50L009471,50LD09471,50L009471
Model 3 (Ensemble),type2_926.jpg,60AN 07963,60AA07963,60AN07963,60AA07963
Model 3 (Ensemble),type2_330_lp.jpg,59M2 11446,59M21146,59M211446,59M21146
Model 3 (Ensemble),type4_562.jpg,80A 03637,80A0337,80A03637,80A0337
Model 3 (Ensemble),type4_229.jpg,20B 0704,20G0704,20B0704,20G0704
Model 3 (Ensemble),type2_510.jpg,60U7 0648,60A706648,60U70648,60A706648
Model 3 (Ensemble),type2_537.jpg,53S5 7627,53S31627,53S57627,53S31627
Model 3 (Ensemble),mb_306.jpg,60B3 25220,60B32520,60B325220,60B32520
Model 3 (Ensemble),type3_945.jpg,79LD 00234,79L000234,79LD00234,79L000234
Model 3 (Ensemble),type4_452.jpg,80A 04658,80A04653,80A04658,80A04653
Model 3 (Ensemble),type2_108.jpg,59L1 80489,59L180419,59L180489,59L180419
Model 3 (Ensemble),type2_931.jpg,59D3 23224,59D32324,59D323224,59D32324
Model 3 (Ensemble),type3_921.jpg,49LD 00070,49LD00021,49LD00070,49LD00021
Model 3 (Ensemble),type7_150.jpg,43A 28930,50H30270,43A28930,50H30270
Model 3 (Ensemble),type1_392.jpg,15K 11214,35K11214,15K11214,35K11214
Model 3 (Ensemble),type1_978.jpg,60A 52562,60A52582,60A52562,60A52582
Model 3 (Ensemble),type3_191_lp.jpg,60MĐ1 02552,60MĐ10252,60MĐ102552,60MĐ10252
Model 3 (Ensemble),type5_321.jpg,QK 2254,QA2251,QK2254,QA2251
Model 3 (Ensemble),type4_020_lp.jpg,60CD 00016,60C000016,60CD00016,60C000016
Model 3 (Ensemble),mb_505.jpg,59C1 65331,59C16531,59C165331,59C16531
Model 3 (Ensemble),type1_792.jpg,51L 02288,51L0228,51L02288,51L0228
Model 3 (Ensemble),type7_889.jpg,85E 00199,79E92139,85E00199,79E92139
Model 3 (Ensemble),type3_298.jpg,72TĐ 00310,72TD-003:10,72TĐ00310,72TD00310
Model 3 (Ensemble),type4_226.jpg,60A 00496,50046,60A00496,50046
Model 3 (Ensemble),type2_518.jpg,85FA 00778,66F40078,85FA00778,66F40078
Model 3 (Ensemble),type3_761.jpg,15MĐ6 74757,16MĐ614257,15MĐ674757,16MĐ614257
Model 3 (Ensemble),type2_362_lp.jpg,59M4 99999,59M49999,59M499999,59M49999
Model 3 (Ensemble),type2_458.jpg,59U1 96110,59U19610,59U196110,59U19610
Model 3 (Ensemble),type2_740.jpg,53RA 9596,34P49596,53RA9596,34P49596
Model 3 (Ensemble),type7_601_lp.jpg,29E 03772,29E0372,29E03772,29E0372
Model 3 (Ensemble),type7_640_lp.jpg,51G 78449,51G75469,51G78449,51G75469
Model 3 (Ensemble),type2_403.jpg,85F1 28996,5F128986,85F128996,5F128986
Model 3 (Ensemble),type5_483.jpg,BT 5263,QT3289,BT5263,QT3289
Model 3 (Ensemble),type3_154_lp.jpg,50TĐ 01330,50TĐ0130,50TĐ01330,50TĐ0130
Model 3 (Ensemble),type1_685.jpg,51K 91933,36A3333,51K91933,36A3333
Model 3 (Ensemble),type7_618_lp.jpg,51B 28111,51B2811,51B28111,51B2811
Model 3 (Ensemble),car_269.jpg,30G 47926,30S47926,30G47926,30S47926
Model 3 (Ensemble),type3_972.jpg,68LA 0144,60B50144,68LA0144,60B50144
Model 3 (Ensemble),type7_603.jpg,72B 02225,79E0025,72B02225,79E0025
Model 3 (Ensemble),type7_655.jpg,50H 32893,30H32890,50H32893,30H32890
Model 3 (Ensemble),mb_498.jpg,59M1 70791,59N170791,59M170791,59N170791
Model 3 (Ensemble),type1_273_lp.jpg,30K 08553,30K0853,30K08553,30K0853
Model 3 (Ensemble),type2_433.jpg,50N1 75169,50N175569,50N175169,50N175569
Model 3 (Ensemble),type2_316.jpg,21 822HC,21827HC,21822HC,21827HC
Model 3 (Ensemble),type1_291.jpg,30K 91147,20K91141,30K91147,20K91141
Model 3 (Ensemble),type2_078.jpg,95H1 12285,95N112285,95H112285,95N112285
Model 3 (Ensemble),type3_934_lp.jpg,79LA 0348,79L40348,79LA0348,79L40348
Model 3 (Ensemble),type4_188.jpg,60A 00421,60A04427,60A00421,60A04427
Model 3 (Ensemble),type3_187_lp.jpg,60LA 4369,60L44369,60LA4369,60L44369
Model 3 (Ensemble),type3_885.jpg,50LD 11415,50L011415,50LD11415,50L011415
Model 3 (Ensemble),type2_099.jpg,29AE 01728,79H801728,29AE01728,79H801728
Model 3 (Ensemble),type4_223.jpg,80A 23839,80I23833,80A23839,80I23833
Model 3 (Ensemble),type2_152.jpg,29AB 25362,29AB23362,29AB25362,29AB23362
Model 3 (Ensemble),type7_834.jpg,50H 27512,60H3712,50H27512,60H3712
Model 3 (Ensemble),type2_536_lp.jpg,83C1 01221,83C10121,83C101221,83C10121
Model 3 (Ensemble),type3_311.jpg,60MĐ1 02626,60A10003,60MĐ102626,60A10003
Model 3 (Ensemble),type3_284.jpg,60MĐ1 01635,60MĐ101639,60MĐ101635,60MĐ101639
Model 3 (Ensemble),type7_924.jpg,50E 10551,50E1051,50E10551,50E1051
Model 3 (Ensemble),type5_219.jpg,TN 1561,TM1556,TN1561,TM1556
Model 3 (Ensemble),type3_482_lp.jpg,60LD 00444,60LD0044,60LD00444,60LD0044
Model 3 (Ensemble),type2_490.jpg,59M1 30802,59N13002,59M130802,59N13002
Model 3 (Ensemble),type3_853.jpg,29LD 01702,29LD0102,29LD01702,29LD0102
Model 3 (Ensemble),type3_257.jpg,43HC 00024,43HC30024,43HC00024,43HC30024
Model 3 (Ensemble),type7_414.jpg,60C 22037,60C02937,60C22037,60C02937
Model 3 (Ensemble),type2_476.jpg,63B7 61096,68B160096,63B761096,68B160096
Model 3 (Ensemble),type4_442.jpg,61A 00840,61A00940,61A00840,61A00940
Model 3 (Ensemble),type1_458.jpg,60C 46680,30C0658,60C46680,30C0658
Model 3 (Ensemble),type3_651.jpg,68HC 00058,80H009,68HC00058,80H009
Model 3 (Ensemble),type1_109.jpg,30H 94349,30H94549,30H94349,30H94549
Model 3 (Ensemble),type3_567.jpg,68HC 00004,68HC0004,68HC00004,68HC0004
Model 3 (Ensemble),mb_587.jpg,43H1 6799,43H76799,43H16799,43H76799
Model 3 (Ensemble),type2_965.jpg,59TA 12164,59P112764,59TA12164,59P112764
Model 3 (Ensemble),type7_274.jpg,29B 60328,29B60128,29B60328,29B60128
Model 3 (Ensemble),type1_388.jpg,29A 32457,29A32452,29A32457,29A32452
Model 3 (Ensemble),type2_359.jpg,72C2 16654,7F21054,72C216654,7F21054
Model 3 (Ensemble),type4_440.jpg,50A 02074,50A00024,50A02074,50A00024
Model 3 (Ensemble),type2_427.jpg,60B7 38221,60B13221,60B738221,60B13221
Model 3 (Ensemble),type2_636_lp.jpg,52NA 7875,52N47875,52NA7875,52N47875
Model 3 (Ensemble),car_57.jpg,29A 97701,29A97207,29A97701,29A97207
Model 3 (Ensemble),type3_292_lp.jpg,60CD 00051,60C000051,60CD00051,60C000051
Model 3 (Ensemble),type3_855.jpg,79LD 00177,19L100177,79LD00177,19L100177
Model 3 (Ensemble),type4_392.jpg,29A 02333,20A0733,29A02333,20A0733
Model 3 (Ensemble),car_47.jpg,30A 59464,30A58464,30A59464,30A58464
