image,prediction,latency_ms
car_104.jpg,30G 58236,130.03890000004503
car_107.jpg,26A 08211,28.023000000075626
car_115.jpg,30F 07555,23.015199999917968
car_123.jpg,89LD 00275,18.506999999999607
car_130.jpg,21A 08531,22.511100000201623
car_137.jpg,30E 77379,21.58980000012889
car_138.jpg,30G 03947,22.65469999997549
car_147.jpg,29A 77998,22.164599999996426
car_151.jpg,89A 20664,21.691099999998187
car_180.jpg,89A 10993,18.9096999999947
car_186.jpg,30F 80651,24.062199999889344
car_195.jpg,30F 77294,22.107400000095367
car_204.jpg,89A 10868,22.011099999872386
car_214.jpg,30A 57785,21.213000000216198
car_236.jpg,30G 58236,22.164700000075754
car_241.jpg,30G 58858,21.944799999801035
car_249.jpg,29A 46294,22.65579999993861
car_269.jpg,30G 47825,20.454000000199812
car_28.jpg,30F 68947,21.604999999908614
car_286.jpg,29V 1910,22.668800000019473
car_300.jpg,30F 92619,26.613100000076884
car_307.jpg,29D 09566,24.621499999966545
car_316.jpg,30E 02141,21.035199999914767
car_325.jpg,89A 12433,20.517100000006394
car_353.jpg,30F 86034,22.47510000006514
car_386.jpg,24A 15935,22.561100000075385
car_388.jpg,30E 91177,21.138799999789626
car_389.jpg,30A 90546,30.23580000012771
car_40.jpg,24H 00082,35.19119999987197
car_405.jpg,30F 97025,22.741699999869525
car_41.jpg,89A 15717,20.938800000067204
car_45.jpg,30E 99120,23.60909999993055
car_461.jpg,30A 49689,29.74879999987934
car_467.jpg,30E 04914,27.979499999901236
car_47.jpg,30A 89464,34.74019999998745
car_48.jpg,29A 92839,31.02579999995214
car_482.jpg,29D 05685,28.335800000149902
car_492.jpg,30A 32867,27.883299999984956
car_499.jpg,30F 70179,27.751800000032745
car_500.jpg,30E 66266,29.024200000094424
car_508.jpg,14A 09290,29.212000000143235
car_524.jpg,30G 61085,26.012699999910183
car_526.jpg,30F 10317,24.17809999997189
car_528.jpg,30E 54099,30.43870000010429
car_529.jpg,30F 90540,29.650299999957497
car_540.jpg,30A 96308,23.11730000019452
car_559.jpg,36A 04104,24.68029999999999
car_564.jpg,29A 42050,28.911800000059884
car_57.jpg,29A 92201,22.772899999836227
car_574.jpg,29N 1910,28.564800000140167
car_582.jpg,30F 32598,25.08669999997437
car_90.jpg,30E 32665,22.507599999926242
car_92.jpg,30A 97061,29.66839999999138
mb_101.jpg,72K6 7070,30.52709999997205
mb_106.jpg,54S7 4959,28.04070000001957
mb_124.jpg,59E1 63978,30.27129999986755
mb_131.jpg,49B1 03126,25.17679999982647
mb_147.jpg,59M1 97580,31.383100000084596
mb_149.jpg,59U1 59897,26.837699999987308
mb_154.jpg,63H5 1336,26.443299999982628
mb_166.jpg,68K1 21002,27.444800000012037
mb_178.jpg,54P8 3069,22.667100000035134
mb_200.jpg,59E1 53139,27.62099999995371
mb_204.jpg,54F3 9952,28.22100000003047
mb_210.jpg,54S8 8080,28.63729999990028
mb_215.jpg,54D1 4469,28.21670000002996
mb_231.jpg,59V1 89404,29.56539999991037
mb_236.jpg,59M1 87957,24.36570000008942
mb_239.jpg,54P2 4924,28.91120000003866
mb_242.jpg,71S5 5600,25.735999999824344
mb_255.jpg,66L1 26685,27.86959999980354
mb_30.jpg,66L1 35224,28.37930000009692
mb_300.jpg,54R3 9587,26.428199999827484
mb_301.jpg,72F1 35507,33.74619999999595
mb_306.jpg,60B3 25220,26.560900000049514
mb_31.jpg,59T1 24340,23.641300000008414
mb_318.jpg,771 37372,27.17690000008588
mb_321.jpg,59V2 48612,22.57499999996071
mb_329.jpg,59L2 11894,29.60399999983565
mb_351.jpg,59F1 49271,22.45530000004692
mb_36.jpg,59H1 54752,22.61510000016642
mb_360.jpg,54K5 4498,24.575400000003356
mb_365.jpg,72C1 52693,22.98079999991387
mb_386.jpg,52P2 0878,34.082199999829754
mb_4.jpg,59T1 92270,24.962500000128784
mb_403.jpg,61C1 52787,22.172599999976228
mb_415.jpg,59T1 29613,25.555100000019593
mb_423.jpg,59T1 00381,28.796300000067276
mb_425.jpg,38Z1 0084,25.986699999975826
mb_429.jpg,54V7 9675,33.69560000010097
mb_440.jpg,59L1 84759,29.017800000019633
mb_449.jpg,51L6 8446,31.169800000043324
mb_455.jpg,54H1 4882,29.248099999904298
mb_46.jpg,59L1 49944,27.89230000007592
mb_48.jpg,60X4 6482,33.694599999989805
mb_498.jpg,59M1 70791,26.644400000122914
mb_505.jpg,59C1 65331,28.286900000011883
mb_508.jpg,54L2 4264,26.3391999999385
mb_524.jpg,59E1 17936,29.80759999991278
mb_537.jpg,59S1 78384,27.68130000004021
mb_555.jpg,64L5 9913,28.36639999986801
mb_563.jpg,59M1 76049,29.141299999992043
mb_570.jpg,51H4 9707,34.06470000004447
mb_571.jpg,59S2 46039,34.19229999985873
mb_573.jpg,59F1 36564,27.87080000007336
mb_576.jpg,60B7 36638,28.568100000029517
mb_578.jpg,59B1 33872,27.85190000008697
mb_581.jpg,54T1 7232,30.38420000007136
mb_585.jpg,47H7 5226,28.53570000002037
mb_587.jpg,43H7 6799,29.22020000005432
mb_590.jpg,92H1 03003,27.609999999867796
mb_593.jpg,59H1 25521,31.17459999998573
mb_65.jpg,54S8 5489,29.99350000004597
mb_68.jpg,59F1 31469,27.63449999997647
mb_70.jpg,59M1 97372,30.172900000025038
mb_73.jpg,54R5 7406,23.921799999925497
mb_90.jpg,59V2 44588,28.605599999991682
mb_95.jpg,60B5 58583,27.841600000101607
type1_002.jpg,36C 48794,27.24660000012591
type1_010_lp.jpg,60K 34161,41.19300000002113
type1_015.jpg,60K 06248,27.855699999918215
type1_015_lp.jpg,60K 06248,25.566999999909967
type1_026_lp.jpg,51K 49862,24.567599999954837
type1_027.jpg,67A 06969,23.8437000000431
type1_031.jpg,51L 28910,23.403700000017125
type1_034.jpg,60A 66342,28.587200000174562
type1_035_lp.jpg,60A 80612,26.890299999877243
type1_037.jpg,60A 20487,26.099100000010367
type1_041_lp.jpg,60A 37712,29.3191000000661
type1_047.jpg,30L 27132,31.570899999906032
type1_047_lp.jpg,30L 27132,26.092500000004293
type1_048_lp.jpg,29H 00046,30.084499999929903
type1_050_lp.jpg,30L 00802,30.62040000008892
type1_071.jpg,50H 60624,31.650700000000143
type1_074_lp.jpg,68A 25328,29.107999999951062
type1_087_lp.jpg,30E 64567,23.801499999990483
type1_092.jpg,30H 18730,25.996099999929356
type1_092_lp.jpg,30H 18730,23.416900000029273
type1_093.jpg,30H 36405,22.450500000104512
type1_101_lp.jpg,30E 13469,24.50930000009066
type1_102_lp.jpg,29H 44440,29.521200000090175
type1_109.jpg,30H 34349,26.817300000175237
type1_112_lp.jpg,30E 11816,24.040800000193485
type1_114.jpg,30X 9809,24.846000000025015
type1_117.jpg,30G 6853,23.395000000164146
type1_119.jpg,30A 84170,22.54850000008446
type1_122.jpg,30G 10339,22.802299999966635
type1_127_lp.jpg,29X 4135,26.54959999995299
type1_132.jpg,30K 92976,27.102600000034727
type1_143.jpg,60A 60793,24.761000000125932
type1_145.jpg,60A 66417,31.572400000186462
type1_147_lp.jpg,60A 47945,26.399699999956283
type1_154_lp.jpg,60K 31693,30.42849999997088
type1_155_lp.jpg,29A 78294,36.84009999983573
type1_164_lp.jpg,60K 12381,45.48909999994066
type1_169_lp.jpg,30L 40032,39.39980000018295
type1_175_lp.jpg,30H 88279,32.81430000015462
type1_177.jpg,99A 08912,31.992100000024948
type1_191.jpg,36A 33573,35.15879999986282
type1_197.jpg,36A 78656,31.848399999944377
type1_204.jpg,36A 98581,30.162499999960346
type1_205.jpg,36A 43395,32.079899999871486
type1_221.jpg,36A 12986,30.443499999819323
type1_222_lp.jpg,36A 53805,37.291899999900124
type1_225_lp.jpg,36A 20993,30.640200000107143
type1_226.jpg,36A 41126,32.73659999990741
type1_230_lp.jpg,36K 03981,33.638699999983146
type1_239_lp.jpg,60A 99432,33.326399999850764
type1_240_lp.jpg,60K 14891,33.51210000005267
type1_244.jpg,60K 01413,31.506700000136334
type1_245_lp.jpg,72A 12142,29.50860000009925
type1_263_lp.jpg,36C 38924,30.642100000022765
type1_269_lp.jpg,14A 41556,35.248499999852356
type1_273_lp.jpg,30K 08553,32.345900000109395
type1_281_lp.jpg,30F 88414,33.1781999998384
type1_282.jpg,30F 29258,31.61390000013853
type1_287_lp.jpg,30G 32840,34.943800000064584
type1_289_lp.jpg,30K 21101,33.494100000098115
type1_291.jpg,30K 91147,32.445800000004965
type1_296.jpg,37C 18064,30.46829999993861
type1_296_lp.jpg,37C 18064,34.750199999962206
type1_298.jpg,29K 23541,30.073800000081974
type1_316.jpg,12H 71522,33.29119999989416
type1_322_lp.jpg,60K 39907,30.892900000026202
type1_323.jpg,60A 21242,30.288600000176302
type1_328.jpg,51K 96606,30.36049999991519
type1_328_lp.jpg,51K 96606,31.357399999933477
type1_331.jpg,83A 15344,30.531399999972564
type1_332.jpg,51K 03119,29.95469999996203
type1_334.jpg,51D 91034,30.16950000005636
type1_339.jpg,51K 39052,31.564399999979287
type1_348_lp.jpg,60A 52621,30.219999999872016
type1_349.jpg,60A 45947,35.1224999999431
type1_364_lp.jpg,60K 19203,30.20990000004531
type1_375_lp.jpg,60S 0559,34.89479999984724
type1_376_lp.jpg,60K 00211,30.120099999976446
type1_379_lp.jpg,51D 36644,33.67590000016207
type1_382_lp.jpg,36A 71198,31.465600000046834
type1_388.jpg,29A 32457,29.85609999996086
type1_392.jpg,15C 11214,35.907600000200546
type1_398_lp.jpg,29H 40095,30.025199999954566
type1_400_lp.jpg,29C 88493,30.83359999982349
type1_408.jpg,51K 40112,33.5147999999208
type1_416.jpg,30F 39718,32.607899999902656
type1_419_lp.jpg,18A 15191,30.429299999923387
type1_423_lp.jpg,30H 48602,29.48300000002746
type1_429.jpg,60K 11528,32.958000000007814
type1_435_lp.jpg,60K 44110,31.174499999906402
type1_437.jpg,60A 19508,33.83529999996426
type1_442.jpg,60C 45130,31.930100000181483
type1_448.jpg,60A 31449,31.319499999881373
type1_450.jpg,60K 39440,31.834299999900395
type1_451.jpg,60B 02516,32.21179999991364
type1_458.jpg,15E 00863,34.48190000017348
type1_459_lp.jpg,81C 13687,38.30779999998413
type1_467_lp.jpg,72N 8287,39.12620000005518
type1_473.jpg,30C 06284,61.65359999999964
type1_476_lp.jpg,60A 97524,35.53480000005038
type1_478.jpg,60C 47871,33.317399999987174
type1_480_lp.jpg,60B 04635,35.71109999984401
type1_483.jpg,60K 29484,31.20049999984076
type1_484.jpg,30E 68739,30.424599999832935
type1_488.jpg,60K 34880,32.10300000000643
type1_492_lp.jpg,60A 72120,31.932200000028388
type1_493_lp.jpg,60C 49911,30.003500000020722
type1_497_lp.jpg,51K 10043,31.167699999969045
type1_498_lp.jpg,60C 70767,33.404099999870596
type1_501.jpg,12A 15348,31.298699999979362
type1_501_lp.jpg,12A 15348,31.508000000030734
type1_506_lp.jpg,29D 50250,30.511899999964953
type1_517.jpg,51H 15869,31.275399999913134
type1_529_lp.jpg,51D 79176,30.59890000008636
type1_533.jpg,51L 14236,30.046299999867188
type1_534_lp.jpg,60K 16739,35.86829999994734
type1_535_lp.jpg,60A 60849,30.602700000144978
type1_536_lp.jpg,60P 1324,32.872499999939464
type1_547.jpg,30F 81145,32.81060000017533
type1_550.jpg,30H 05759,33.781800000042495
type1_552_lp.jpg,30G 33368,33.28929999997854
type1_557.jpg,30L 43176,31.367599999839513
type1_563_lp.jpg,30F 99746,33.33090000000993
type1_570_lp.jpg,30A 36080,31.540399999812507
type1_573_lp.jpg,51L 04666,33.91850000002705
type1_575.jpg,60A 29914,36.01450000019213
type1_580.jpg,60A 58477,32.72549999996954
type1_595.jpg,70A 51157,34.55729999996038
type1_595_lp.jpg,70A 5157,33.970300000191855
type1_596_lp.jpg,56L 1884,33.908999999994194
type1_599_lp.jpg,51K 40559,39.48209999998653
type1_601_lp.jpg,51D 34931,34.20219999998153
type1_602_lp.jpg,81C 13425,31.97520000003351
type1_603.jpg,30G 41952,33.792799999901035
type1_608_lp.jpg,51G 11111,37.626799999998184
type1_610_lp.jpg,51L 81111,35.978200000045035
type1_617_lp.jpg,51H 93840,33.76439999988179
type1_626_lp.jpg,29A 97435,33.732599999893864
type1_631.jpg,30L 82668,34.821499999907246
type1_634.jpg,30H 65274,34.07839999999851
type1_639.jpg,98A 77607,34.222600000020975
type1_662_lp.jpg,52Z 3335,36.113099999965925
type1_666.jpg,51K 35231,38.07269999992968
type1_673_lp.jpg,51L 39911,37.23009999998794
type1_677.jpg,29E 00001,34.27560000000085
type1_683.jpg,51H 31138,36.76949999999124
type1_685.jpg,51A 91833,36.851800000022195
type1_689.jpg,29B 50080,34.3980999998621
type1_698.jpg,30L 09570,34.20370000003459
type1_699_lp.jpg,30E 59721,35.54370000006202
type1_700.jpg,51B 02571,36.48649999990994
type1_703.jpg,30L 54048,34.151899999869784
type1_707_lp.jpg,30L 25753,37.03989999985424
type1_708.jpg,30A 70770,37.21810000001824
type1_716_lp.jpg,30E 21290,32.02370000008159
type1_730_lp.jpg,15A 77398,35.25680000007014
type1_733.jpg,51G 64771,34.86239999983809
type1_738_lp.jpg,34A 43530,34.87330000007205
type1_742_lp.jpg,30M 00012,34.43650000008347
type1_750.jpg,51F 66212,32.708199999888166
type1_754_lp.jpg,51K 30522,33.52109999991626
type1_768.jpg,51F 66212,34.81800000008661
type1_774.jpg,51K 22941,34.72979999992276
type1_785_lp.jpg,51A 35838,32.06750000003922
type1_786.jpg,62A 19163,37.73929999988468
type1_790_lp.jpg,60A 03979,35.96579999998539
type1_791_lp.jpg,51G 60089,37.26889999984451
type1_792.jpg,51L 02288,34.611000000040804
type1_793.jpg,51H 98857,35.55430000005799
type1_795_lp.jpg,70A 37125,33.22769999999764
type1_798.jpg,51K 64995,34.08710000007886
type1_799.jpg,51K 68988,35.18650000000889
type1_806_lp.jpg,30A 72763,31.26150000002781
type1_808_lp.jpg,51F 34581,34.841400000004796
type1_811_lp.jpg,51B 21735,33.90969999986737
type1_817_lp.jpg,30E 69804,34.60780000000341
type1_818_lp.jpg,30K 47077,33.00970000009329
type1_835_lp.jpg,51K 99992,36.75359999988359
type1_840_lp.jpg,51E 04708,34.949800000049436
type1_843_lp.jpg,72A 57867,35.92209999987972
type1_848.jpg,51G 33162,34.88160000006246
type1_848_lp.jpg,51G 33162,35.5862999999772
type1_852.jpg,60K 32545,35.063600000057704
type1_856.jpg,30E 58513,34.391699999787306
type1_865_lp.jpg,51K 11506,36.20410000007723
type1_871.jpg,51L 12945,33.86010000008355
type1_874_lp.jpg,51A 06686,35.91980000010153
type1_879.jpg,69A 00250,34.8865000000842
type1_884.jpg,51L 12650,33.45579999995607
type1_884_lp.jpg,51L 12650,35.1172000000588
type1_889_lp.jpg,51G 04870,33.44450000008692
type1_896.jpg,51A 13226,32.315899999957765
type1_898_lp.jpg,51A 33964,36.498100000017075
type1_899.jpg,51L 70649,31.836800000064613
type1_902.jpg,51G 53445,37.44639999990795
type1_914.jpg,60A 49166,36.714099999926475
type1_917_lp.jpg,51F 43443,35.88469999999688
type1_921_lp.jpg,60A 15840,35.935099999960585
type1_926_lp.jpg,60A 22029,35.360999999966225
type1_930_lp.jpg,51G 99030,32.24760000011884
type1_936_lp.jpg,60A 63167,37.017999999989115
type1_954.jpg,60A 10647,34.96699999982411
type1_955.jpg,75A 06638,33.87779999980012
type1_957.jpg,51D 80044,36.08479999979863
type1_968_lp.jpg,51H 33140,34.45149999993191
type1_969_lp.jpg,51K 74957,32.8501999999844
type1_970_lp.jpg,72A 48192,36.91630000002988
type1_973_lp.jpg,60A 96256,35.75149999983296
type1_975_lp.jpg,60K 01573,33.19890000011583
type1_976_lp.jpg,60A 91193,36.45179999989523
type1_978.jpg,60A 52562,34.22969999996894
type1_981.jpg,30F 34025,33.99750000016866
type1_990_lp.jpg,30L 07177,35.482799999954295
type1_995.jpg,60A 13067,37.25779999990664
type2_008_lp.jpg,60AA 51239,35.167799999953786
type2_011.jpg,60AA 48963,33.993999999893276
type2_014_lp.jpg,60AA 37348,34.24480000012409
type2_025_lp.jpg,60AA 24323,31.35710000015024
type2_034.jpg,61N1 17570,33.57340000002296
type2_036_lp.jpg,60F4 9776,36.292499999944994
type2_047.jpg,60F1 84279,34.98400000012225
type2_047_lp.jpg,60F1 84279,38.93049999987852
type2_049_lp.jpg,39F3 7974,32.96999999997752
type2_056_lp.jpg,60H5 17490,30.21060000014586
type2_057_lp.jpg,60F2 08840,42.26739999990059
type2_062_lp.jpg,29M1 45433,44.072599999935846
type2_065_lp.jpg,38X1 17994,38.84919999995873
type2_068_lp.jpg,36X9 1825,47.052600000142775
type2_078.jpg,95H1 12205,35.97270000000208
type2_079.jpg,60B1 23993,37.93749999999818
type2_093_lp.jpg,36AA 23088,37.370400000099835
type2_098.jpg,29S3 4009,33.89559999982339
type2_099.jpg,29BF 01228,35.18880000001445
type2_101_lp.jpg,18L1 00715,36.335600000029444
type2_106_lp.jpg,60Y3 4176,32.79569999995147
type2_108.jpg,59L1 80489,36.875400000099035
type2_109_lp.jpg,60B8 53744,32.52370000018345
type2_110_lp.jpg,39F4 2879,37.98630000005687
type2_115_lp.jpg,60F4 49007,33.64929999997912
type2_134_lp.jpg,37AA 02377,35.165799999958836
type2_141_lp.jpg,29AA 68600,34.452099999953134
type2_142.jpg,29E2 96580,34.006200000021636
type2_144_lp.jpg,29BF 01126,35.089500000140106
type2_152.jpg,29B9 25362,35.67010000006121
type2_157_lp.jpg,60LD 00008,33.48989999994956
type2_168_lp.jpg,59TA 14306,34.320799999932206
type2_171_lp.jpg,29G2 17077,33.91319999991538
type2_173.jpg,67AA 03040,35.17329999999674
type2_181.jpg,39F1 6534,37.11420000013277
type2_184_lp.jpg,60P6 6566,42.3636999998962
type2_200_lp.jpg,60AA 46401,41.0517999998774
type2_226.jpg,60B1 07103,40.211199999930614
type2_229.jpg,60A1 80159,43.82599999985359
type2_238.jpg,60AA 43798,41.07469999985369
type2_243_lp.jpg,60A1 01659,37.200100000063685
type2_246.jpg,60AA 43798,43.14240000007885
type2_253.jpg,30F8 6024,42.85980000008749
type2_254.jpg,60AA 30595,36.31530000006933
type2_256.jpg,60A1 11010,34.63889999989078
type2_262_lp.jpg,60B4 64014,38.31559999980527
type2_278_lp.jpg,60B8 73373,36.21679999992011
type2_283.jpg,60F2 16780,39.46930000006432
type2_290_lp.jpg,38P1 40466,52.01899999997295
type2_292_lp.jpg,60H5 38160,48.73729999985699
type2_296_lp.jpg,60X5 5533,51.1337000000367
type2_297.jpg,60AA 14444,47.95820000003914
type2_298_lp.jpg,60F2 22046,44.85310000018217
type2_304.jpg,93LA 01106,41.421199999831515
type2_308.jpg,60B5 00007,41.715800000019954
type2_310_lp.jpg,51T4 5947,51.02030000011837
type2_313_lp.jpg,37H1 08685,46.03610000003755
type2_315.jpg,72C2 32502,53.000299999894196
type2_316.jpg,23 827HC,46.75849999989623
type2_318.jpg,51S8 9548,47.3767000000862
type2_319_lp.jpg,92H7 0397,47.43340000004537
type2_330_lp.jpg,59M2 11446,44.07419999984086
type2_334.jpg,59N3 00896,41.910799999868686
type2_341.jpg,70A6 09547,44.616099999984726
type2_344.jpg,50H 9433,40.67580000014459
type2_345_lp.jpg,62F3 5706,38.40969999987465
type2_348.jpg,43H6 2959,38.43660000006821
type2_351_lp.jpg,60F3 84983,37.98889999984567
type2_356_lp.jpg,81 15499,39.63889999999992
type2_358.jpg,67U 00316,41.95649999996931
type2_359.jpg,72C2 16654,36.11630000000332
type2_361_lp.jpg,60Z2 7015,42.93009999992137
type2_362_lp.jpg,59M2 99999,42.290500000035536
type2_376.jpg,60B1 25456,43.216300000040064
type2_379_lp.jpg,60FA 0001,39.2607000001135
type2_385.jpg,60A1 88449,43.029799999885654
type2_388_lp.jpg,29G1 87175,40.88479999995798
type2_391.jpg,60B8 61672,44.59620000011455
type2_396.jpg,60B8 11218,47.87469999996574
type2_398_lp.jpg,60B9 34206,48.94160000003467
type2_399_lp.jpg,60B4 99350,48.17009999987931
type2_403.jpg,85F1 28986,55.61570000008942
type2_406.jpg,71C2 00311,52.47159999998985
type2_413_lp.jpg,59K2 44914,48.32110000006651
type2_419.jpg,59F1 33767,46.90770000001976
type2_420.jpg,59M1 11818,49.30829999989328
type2_427.jpg,60B1 38221,44.158500000094136
type2_433.jpg,50N1 75169,52.619800000002215
type2_442_lp.jpg,67D1 72065,50.898499999902924
type2_446.jpg,70B1 77896,46.69800000010582
type2_447_lp.jpg,59P2 90547,46.541299999944385
type2_455_lp.jpg,59U1 90994,46.594200000072306
type2_456_lp.jpg,66L1 10153,48.99980000004689
type2_458.jpg,59D1 96110,48.733399999946414
type2_459.jpg,59D1 02799,39.84960000002502
type2_472_lp.jpg,59D2 85268,45.39369999997689
type2_474.jpg,7B1 22754,40.10570000014013
type2_474_lp.jpg,73HB 2754,46.373099999982514
type2_476.jpg,63B1 60098,40.73130000006131
type2_490.jpg,59V1 30802,48.620000000028085
type2_496.jpg,52M3 2039,46.701900000016394
type2_510.jpg,60R2 0648,43.28369999984716
type2_517.jpg,66K1 72084,43.0913000000146
type2_518.jpg,85FA 00778,41.98229999997238
type2_522_lp.jpg,59X1 65307,43.833699999822784
type2_524_lp.jpg,29D1 31745,42.811799999981304
type2_531.jpg,52ND 1537,44.049399999948946
type2_536_lp.jpg,83C1 01221,64.63020000001052
type2_537.jpg,53S5 7627,51.5259999999671
type2_538.jpg,85B1 01211,47.35890000006293
type2_556_lp.jpg,70B1 08760,43.93310000000383
type2_558_lp.jpg,59S1 13306,43.55689999988499
type2_562.jpg,59P2 43570,43.483800000103656
type2_586_lp.jpg,60AA 33327,42.730400000209556
type2_593.jpg,39F3 0708,43.366999999989275
type2_595_lp.jpg,19G1 00009,44.31539999995948
type2_616.jpg,60V8 6704,45.044899999993504
type2_627_lp.jpg,39F4 9955,43.99490000014339
type2_636_lp.jpg,52N4 7875,32.277900000053705
type2_637_lp.jpg,60F1 58938,34.68320000001768
type2_645_lp.jpg,60F1 40686,42.12749999987864
type2_646_lp.jpg,60F2 06327,39.48730000001888
type2_660.jpg,72 781K1,40.462799999886556
type2_664.jpg,52R5 3832,39.186799999924915
type2_665_lp.jpg,60F3 25289,38.71400000002723
type2_674_lp.jpg,60AA 27312,43.91740000005484
type2_675_lp.jpg,60G1 27376,37.5802000000931
type2_677_lp.jpg,60H4 4635,39.0757999998641
type2_683.jpg,70 804PM,41.149800000084724
type2_684_lp.jpg,51FB 0821,36.71089999988908
type2_694.jpg,60AA 08906,44.25779999996848
type2_694_lp.jpg,61L6 8027,43.776600000001054
type2_698.jpg,50LD 09160,38.2296000000224
type2_703_lp.jpg,92D1 04090,42.095000000017535
type2_705_lp.jpg,37F2 87253,49.896800000169605
type2_713.jpg,59L1 30083,41.99820000008003
type2_732_lp.jpg,60B1 32585,45.677600000090024
type2_736_lp.jpg,86B7 11731,44.32919999999285
type2_738.jpg,60Y7 1471,44.14469999983339
type2_740.jpg,53P4 9596,59.717300000102114
type2_751.jpg,60B1 22252,46.57079999992675
type2_752.jpg,60Y3 6719,43.45979999993688
type2_780_lp.jpg,59S1 51727,38.20919999998296
type2_788.jpg,60A2 10003,43.55020000002696
type2_788_lp.jpg,50N2 30488,38.667700000132754
type2_792.jpg,60C1 72002,46.396599999980026
type2_794.jpg,60BD 32225,43.11920000009195
type2_802_lp.jpg,60F4 5049,50.123799999937546
type2_821.jpg,61F1 51320,44.58470000008674
type2_821_lp.jpg,61F1 51320,48.892600000044695
type2_835.jpg,60X6 6916,47.87980000014613
type2_836_lp.jpg,60F1 3437,51.45840000000135
type2_843_lp.jpg,83 283J,50.73140000013154
type2_848.jpg,60MĐ1 00061,52.402699999902325
type2_851_lp.jpg,73F1 52578,42.66289999986839
type2_859.jpg,60 813AL,49.52600000001439
type2_859_lp.jpg,60 873AL,44.761799999832874
type2_875_lp.jpg,61D1 76303,47.096199999941746
type2_888.jpg,72C1 72076,47.8445000001102
type2_897_lp.jpg,72C1 02876,48.95360000000437
type2_905.jpg,39P2 64881,51.487400000041816
type2_905_lp.jpg,36B2 84881,46.756100000038714
type2_918_lp.jpg,60F3 51069,46.35039999993751
type2_922_lp.jpg,60AA 25379,44.85719999979665
type2_926.jpg,60AA 07963,44.66439999987415
type2_929.jpg,60B3 74685,45.57950000003075
type2_931.jpg,59D3 23224,52.76800000001458
type2_934.jpg,60F4 38026,51.93069999995714
type2_937.jpg,60B3 48267,43.14010000007329
type2_945.jpg,74K6 0197,46.53490000009697
type2_952_lp.jpg,60F1 29998,49.75119999994604
type2_953.jpg,60B1 38519,41.62219999989247
type2_954.jpg,60F3 51422,50.65659999991112
type2_958.jpg,60AA 39764,55.4892000000109
type2_965.jpg,59TA 12760,63.93929999990178
type2_970.jpg,36B1 57928,46.50040000001354
type2_974_lp.jpg,76UH1 01887,49.648700000034296
type2_979.jpg,60F2 04055,48.881399999800124
type2_995.jpg,63B9 29866,45.12240000008205
type3_000.jpg,28TĐ 00067,44.00680000003376
type3_002_lp.jpg,60MĐ1 01658,39.46459999997387
type3_023_lp.jpg,36MĐ6 00374,42.111799999929644
type3_026_lp.jpg,92LD 00542,35.90130000020508
type3_046.jpg,50LD 00003,35.43899999999667
type3_046_lp.jpg,50LD 00868,45.76419999989412
type3_055_lp.jpg,50TĐ 03010,38.968400000158
type3_058_lp.jpg,50TĐ 03042,39.69340000003285
type3_059.jpg,29KT 10352,37.6538000000437
type3_059_lp.jpg,29KT 10352,43.434599999955026
type3_067.jpg,41MĐ1 00761,37.494200000082856
type3_076.jpg,50LD 20525,32.203799999933835
type3_077.jpg,60LD 00692,35.61339999987467
type3_081.jpg,60LD 01633,40.2180999999473
type3_084_lp.jpg,29LD 04857,37.53459999984443
type3_085.jpg,29CD 00196,41.49690000008377
type3_085_lp.jpg,29CD 00196,42.105999999876076
type3_088.jpg,43MĐ3 01479,38.3475000000999
type3_099_lp.jpg,51LD 5772,39.20210000001134
type3_108_lp.jpg,88LD 01038,36.973900000020876
type3_118.jpg,72LD 0982,37.91630000000623
type3_136_lp.jpg,50LD 07292,38.65659999996751
type3_142_lp.jpg,29KT 01088,37.485800000013114
type3_143_lp.jpg,60LD 01138,33.40600000001359
type3_154_lp.jpg,50TĐ 01330,42.00809999997546
type3_158.jpg,37HC 10099,51.61520000001474
type3_165_lp.jpg,37HC 00242,31.227899999976216
type3_169.jpg,29LD 00091,36.27919999985352
type3_174_lp.jpg,73HC 00051,34.129699999994045
type3_175_lp.jpg,41MĐ1 76250,35.766899999998714
type3_178_lp.jpg,29CD 01737,33.95759999989423
type3_181_lp.jpg,60LD 02505,40.05639999991217
type3_187_lp.jpg,60LA 4369,37.25039999994806
type3_191_lp.jpg,60MĐ1 02552,36.89069999995809
type3_192_lp.jpg,29LD 0388,57.99140000021907
type3_194_lp.jpg,60LD 00501,40.95599999982369
type3_204_lp.jpg,65KT 00011,53.42420000010861
type3_206_lp.jpg,60MĐ1 01228,38.41680000004999
type3_211.jpg,29CD 00269,43.82349999991675
type3_213_lp.jpg,60MĐ4 50030,50.04800000006071
type3_221_lp.jpg,43HC 00092,54.156299999931434
type3_227.jpg,43HC 00077,46.18510000000242
type3_240_lp.jpg,43HC 00052,50.245700000004945
type3_246_lp.jpg,43HC 00041,45.199700000011944
type3_247_lp.jpg,43HC 00040,46.09660000005533
type3_257.jpg,43HC 00024,43.765399999983856
type3_257_lp.jpg,43HC 00024,40.103199999975914
type3_260_lp.jpg,43HC 00021,45.1269999998658
type3_268.jpg,43HC 00011,39.53890000002502
type3_270.jpg,43HC 00009,50.15869999988354
type3_277.jpg,29VT 00578,48.49699999999757
type3_279_lp.jpg,36MĐ1 01980,45.45470000016394
type3_284.jpg,60MĐ1 01635,48.186600000008184
type3_285.jpg,29LD 07324,49.80219999993096
type3_285_lp.jpg,29LD 07324,52.66400000004978
type3_292_lp.jpg,60CD 00051,51.49759999994785
type3_295.jpg,72LD 00509,48.67609999996603
type3_295_lp.jpg,72LD 00509,63.24499999982436
type3_298.jpg,72TĐ 00310,59.225799999921946
type3_303.jpg,72TĐ 00310,50.45979999999872
type3_304_lp.jpg,72HC 00405,53.3541999998306
type3_311.jpg,60F2 11833,53.10749999989639
type3_320.jpg,60MĐ4 50009,59.752600000138045
type3_329.jpg,88LD 00657,53.944400000091264
type3_330.jpg,88LD 00657,54.011299999956464
type3_333.jpg,62LD 00337,50.583499999902415
type3_333_lp.jpg,62LD 00371,49.91810000001351
type3_334_lp.jpg,86MĐ8 00131,47.13539999988825
type3_338.jpg,15HC 00321,55.74989999990976
type3_355.jpg,60LD 00573,44.92019999997865
type3_355_lp.jpg,60LD 00573,55.70309999984602
type3_364_lp.jpg,60MĐ1 01925,52.418600000009974
type3_369_lp.jpg,99LD 02930,50.83609999996952
type3_373.jpg,60LD 01428,51.96680000017295
type3_373_lp.jpg,60LD 01428,45.133999999961816
type3_374_lp.jpg,60XA 1165,45.06820000005973
type3_381_lp.jpg,68LD 00011,43.52319999998144
type3_388_lp.jpg,14HC 02886,44.80579999994916
type3_395_lp.jpg,61LD 05575,45.97179999996115
type3_399.jpg,50LD 09471,41.68300000014824
type3_399_lp.jpg,50LD 09471,43.76609999985703
type3_400_lp.jpg,50LD 20146,39.15649999999005
type3_401_lp.jpg,29KT 10400,46.01509999997688
type3_404.jpg,52LD 5264,42.41239999987556
type3_405_lp.jpg,29HC 00113,44.520899999952235
type3_409_lp.jpg,29LD 32159,40.621800000053554
type3_415.jpg,50LD 15438,34.445599999799015
type3_418.jpg,60LD 04551,33.555599999999686
type3_421_lp.jpg,60LD 04185,40.22009999994225
type3_423_lp.jpg,14KT 01188,43.413500000042404
type3_425_lp.jpg,29LD 31562,43.345900000076654
type3_426.jpg,15HC 00408,45.71089999990363
type3_428.jpg,15HC 00374,84.66780000003382
type3_431.jpg,15HC 00418,43.27089999992495
type3_432_lp.jpg,15HC 00371,45.44550000014169
type3_440_lp.jpg,50LD 17645,42.94790000017201
type3_441.jpg,60LD 01537,44.722500000034415
type3_443_lp.jpg,60LD 02757,45.81419999999525
type3_444.jpg,60LD 4300,60.28900000001158
type3_446.jpg,29KT 10373,45.44320000013613
type3_453_lp.jpg,60MĐ1 00426,37.65219999991132
type3_462_lp.jpg,29MĐ3 22299,42.45409999998628
type3_463.jpg,29LD 03637,38.7166000000434
type3_463_lp.jpg,29LD 03677,52.62169999991784
type3_477.jpg,60LD 01737,41.089800000008836
type3_482_lp.jpg,60LD 00444,45.21359999989727
type3_485.jpg,30LD 13210,47.253100000034465
type3_489_lp.jpg,60LD 02046,41.252100000065184
type3_491.jpg,90LD 00484,46.12479999991592
type3_500_lp.jpg,60LD 04205,45.333600000049046
type3_507.jpg,60LD 03449,44.92679999998472
type3_514.jpg,60MĐ1 01038,39.483700000118915
type3_514_lp.jpg,60MĐ1 01038,38.07519999986653
type3_515.jpg,60MĐ1 01924,40.86830000005648
type3_517.jpg,60MĐ1 01063,37.91110000020126
type3_530_lp.jpg,60MĐ1 02288,38.98639999988518
type3_531.jpg,60MĐ1 01028,38.109999999960564
type3_546_lp.jpg,60MĐ1 01870,41.22889999985091
type3_552_lp.jpg,60MĐ1 01371,37.74340000018128
type3_554_lp.jpg,60MĐ1 02034,38.38339999992968
type3_561.jpg,79L 00049,40.66740000007485
type3_562.jpg,68HC 00002,35.01749999986714
type3_567.jpg,68HC 00004,31.588100000135455
type3_578_lp.jpg,68HC 00010,31.686300000046685
type3_581_lp.jpg,68HC 00011,33.69899999984227
type3_585.jpg,68HC 00015,35.09200000007695
type3_587.jpg,68HC 00016,32.92719999990368
type3_597_lp.jpg,68HC 00024,33.77219999993031
type3_603_lp.jpg,68HC 00028,35.7638999998926
type3_605.jpg,68HC 00029,35.14510000013615
type3_612.jpg,68HC 00032,34.507899999880465
type3_617_lp.jpg,68HC 00035,41.416300000037154
type3_624.jpg,68HC 00040,33.95929999987857
type3_628.jpg,80A 04989,28.89089999985117
type3_629_lp.jpg,68HC 00042,29.909600000110004
type3_648.jpg,68HC 00056,34.485399999994115
type3_649_lp.jpg,68HC 00057,35.046800000145595
type3_651.jpg,80A 00039,33.941899999945235
type3_652_lp.jpg,68HC 00058,34.39140000000407
type3_661.jpg,68HC 00055,31.872400000111156
type3_663.jpg,68HC 00066,33.069599999862476
type3_673_lp.jpg,99LD 00743,36.799299999984214
type3_678.jpg,50LD 07845,33.793500000001586
type3_681_lp.jpg,50LD 14520,30.614199999945413
type3_682_lp.jpg,60LD 02284,32.71219999987807
type3_683.jpg,60LD 01949,30.80609999983608
type3_685.jpg,60MĐ1 01161,34.60940000013579
type3_690.jpg,60MĐ1 01161,26.728099999900223
type3_690_lp.jpg,60MĐ1 01161,31.249099999968166
type3_693_lp.jpg,50LD 20112,34.49660000001131
type3_709.jpg,60MĐ1 01284,34.733800000140036
type3_712_lp.jpg,60MĐ1 01657,32.52139999995052
type3_715.jpg,60MĐ1 01044,34.88409999999931
type3_725_lp.jpg,62LD 01840,33.87239999983649
type3_736.jpg,19LD 00253,32.017100000075516
type3_745.jpg,60LD 02423,33.24990000010075
type3_747.jpg,29V 1998,34.01130000020203
type3_749.jpg,41MĐ1 56636,35.56109999999535
type3_756.jpg,15MĐ6 74757,33.07510000013281
type3_758.jpg,60LD 00098,33.48010000013346
type3_761.jpg,15MĐ6 74757,27.843000000075335
type3_762_lp.jpg,50LD 09240,34.154299999954674
type3_768.jpg,61LD 07229,36.67840000002798
type3_776.jpg,30A 00375,34.21309999998812
type3_781_lp.jpg,79LA 0292,34.790000000157306
type3_785.jpg,79MĐ1 02340,35.68800000016381
type3_788_lp.jpg,86MĐ9 00463,42.2092999999677
type3_789_lp.jpg,79MĐ1 04296,38.145700000086435
type3_790_lp.jpg,79MĐ1 02340,41.466399999990244
type3_793.jpg,86MĐ9 00463,38.684800000055475
type3_797_lp.jpg,79MĐ1 02070,47.16869999992923
type3_798_lp.jpg,79MĐ2 01265,35.56909999997515
type3_803_lp.jpg,15MĐ4 01453,45.14850000009574
type3_810_lp.jpg,79LA 0210,44.15399999993497
type3_816_lp.jpg,79LD 00122,50.524300000006406
type3_819.jpg,79LD 00122,45.145499999989624
type3_822.jpg,70LD 00239,49.1724000000886
type3_827.jpg,98LD 0017,36.79439999996248
type3_834.jpg,78LD 0033,47.4659999999858
type3_836.jpg,50LD 08473,40.488500000037675
type3_838.jpg,79LD 00169,42.029400000046735
type3_838_lp.jpg,79LD 00166,42.08570000014333
type3_842_lp.jpg,79LD 00281,65.79850000002807
type3_843.jpg,52LD 2569,49.238900000091235
type3_846_lp.jpg,92SA 0086,43.329899999889676
type3_853.jpg,29LD 01702,37.81329999992522
type3_854.jpg,59LD 08184,42.465799999945375
type3_855.jpg,79LD 00133,36.77970000012465
type3_858_lp.jpg,79HC 00007,40.401400000064314
type3_859_lp.jpg,79LA 0153,40.07300000012037
type3_865.jpg,79LD 00256,41.90250000010565
type3_869_lp.jpg,79LD 00133,41.07309999994868
type3_878.jpg,50LD 10304,37.30160000009164
type3_885.jpg,50LD 11415,37.15599999986807
type3_885_lp.jpg,50LD 11415,38.21220000008907
type3_896.jpg,49HC 00001,37.87729999999101
type3_897.jpg,49HC 00002,39.2592999999124
type3_900_lp.jpg,86XA 0237,39.166300000033516
type3_908.jpg,79LD 00192,37.66840000002958
type3_912.jpg,41DA 00034,38.362599999800295
type3_913.jpg,50LD 10500,36.98719999988498
type3_917_lp.jpg,79LD 00136,36.16389999979219
type3_919_lp.jpg,79LD 00291,37.49410000000353
type3_921.jpg,29CD 0047,41.116399999964415
type3_926_lp.jpg,79HC 00036,35.8134999999038
type3_928_lp.jpg,79SA 0169,38.519899999982954
type3_931.jpg,79HC 00035,34.88489999995181
type3_934_lp.jpg,79LA 0348,38.478200000099605
type3_940.jpg,79HC 00039,35.22460000021965
type3_945.jpg,79LD 00234,35.58399999997164
type3_947_lp.jpg,79LD 00254,36.31410000002688
type3_955.jpg,29LA 00014,39.06419999998434
type3_967.jpg,79LD 00190,36.104800000202886
type3_971.jpg,51H 00044,38.37270000008175
type3_972.jpg,66D 00144,35.104199999977936
type3_973_lp.jpg,52LD 0230,37.98959999994622
type4_001_lp.jpg,60A 00477,36.452599999847735
type4_011.jpg,30E 00981,38.41199999988021
type4_013.jpg,60A 00292,35.53360000000794
type4_014.jpg,60CD 00012,37.404299999934665
type4_020_lp.jpg,60CD 00016,37.24390000002131
type4_023_lp.jpg,31A 7048,40.74420000006285
type4_024_lp.jpg,50A 02131,42.05190000016046
type4_036_lp.jpg,51A 3503,41.36760000005779
type4_041_lp.jpg,60C 1284,40.923600000041915
type4_045_lp.jpg,60CD 00016,40.19730000004529
type4_051_lp.jpg,60A 00554,41.132199999992736
type4_052.jpg,60A 00431,38.44660000004296
type4_056_lp.jpg,60A 00173,39.14980000013202
type4_077.jpg,60A 00546,34.67810000006466
type4_079_lp.jpg,60A 00887,37.5675999998748
type4_082_lp.jpg,60A 00150,37.35869999991337
type4_089_lp.jpg,61A 00252,37.03070000005937
type4_111_lp.jpg,50A 00849,36.31859999995868
type4_116.jpg,31A 7351,36.786500000062006
type4_122_lp.jpg,50A 02067,41.86929999991662
type4_130.jpg,51A 4307,46.78460000013729
type4_131_lp.jpg,50CD 00008,42.80619999985902
type4_137_lp.jpg,50A 02278,43.24950000000172
type4_145_lp.jpg,60M 00098,40.45200000018667
type4_146.jpg,60M 00527,39.52720000006593
type4_148_lp.jpg,43A 00184,42.64859999989312
type4_149_lp.jpg,43A 00184,36.608200000046054
type4_153_lp.jpg,80A 06172,40.52729999989424
type4_156.jpg,60A 00756,35.241900000073656
type4_156_lp.jpg,60A 00756,37.08589999996548
type4_159_lp.jpg,60C 6888,36.08870000016395
type4_163.jpg,29A 00886,37.00470000012501
type4_175.jpg,29A 01914,36.21279999993021
type4_180_lp.jpg,60A 00421,38.159100000029866
type4_188.jpg,60A 00427,37.4418000001242
type4_195_lp.jpg,60A 00658,37.9381000000194
type4_199.jpg,60A 00167,36.01509999998598
type4_202_lp.jpg,60A 00153,36.874299999908544
type4_209.jpg,29A 02649,40.43619999993098
type4_217.jpg,80A 11989,35.1311000001715
type4_218.jpg,80B 2045,39.09839999982978
type4_219.jpg,80A 03588,36.63290000008601
type4_219_lp.jpg,80A 03588,37.20810000004349
type4_223.jpg,80A 33839,34.38989999995101
type4_226.jpg,60A 00449,38.635100000192324
type4_229.jpg,20B 0704,36.28630000002886
type4_233.jpg,31A 8395,38.4487999999692
type4_235.jpg,50A 01842,35.40569999995569
type4_236.jpg,51A 4012,45.132700000067416
type4_245_lp.jpg,51A 1980,39.87609999990127
type4_255.jpg,29M 00009,38.1952000000183
type4_258.jpg,29M 00628,39.231900000004316
type4_259.jpg,80A 01614,45.66720000002533
type4_261.jpg,80A 35781,43.03709999999228
type4_265_lp.jpg,31B 1168,65.50319999996645
type4_270.jpg,80A 05102,41.17990000008831
type4_273_lp.jpg,12A 4688,37.46440000008988
type4_281.jpg,80A 00835,35.610299999916606
type4_291_lp.jpg,80A 01710,36.850800000138406
type4_299.jpg,31A 0954,36.50939999988623
type4_306.jpg,31A 8245,36.69320000017251
type4_308_lp.jpg,29A 05588,37.10810000006859
type4_309.jpg,89A 06169,35.291299999926196
type4_314_lp.jpg,29A 9191,39.15310000002137
type4_315_lp.jpg,51A 1422,36.857800000007046
type4_320_lp.jpg,29A 01933,40.04809999992176
type4_321_lp.jpg,29A 01039,37.75410000002921
type4_322.jpg,31A 9549,40.92409999998381
type4_331_lp.jpg,31A 7088,47.0433000000412
type4_336.jpg,29A 00947,38.76930000001266
type4_346.jpg,14A 01289,37.628099999892584
type4_348.jpg,29A 01450,36.59790000006069
type4_357.jpg,80P 7755,34.04199999999946
type4_357_lp.jpg,80B 3955,35.755800000060844
type4_359_lp.jpg,80A 06032,43.42480000013893
type4_362_lp.jpg,15A 00890,48.300599999947735
type4_365.jpg,80A 06858,37.79959999997118
type4_370_lp.jpg,80A 04666,38.47249999989799
type4_380.jpg,80A 25066,36.683099999891056
type4_381_lp.jpg,80A 08239,38.274900000033085
type4_385.jpg,29A 02640,37.21180000002278
type4_392.jpg,29A 02333,36.34660000011536
type4_397_lp.jpg,80A 08679,39.021000000047934
type4_403_lp.jpg,29A 02899,36.5802999999687
type4_412.jpg,50A 01893,42.584000000033484
type4_417.jpg,50A 00876,36.433200000146826
type4_419_lp.jpg,50A 02039,45.645799999874725
type4_420.jpg,60A 00310,48.127599999816084
type4_431.jpg,50A 02877,45.1396000000841
type4_440.jpg,50A 02044,45.22280000014689
type4_442.jpg,61A 00940,38.49399999990055
type4_445.jpg,60M 00293,38.26589999994212
type4_446.jpg,80A 02105,36.04449999988901
type4_451.jpg,60A 00955,39.749799999981406
type4_452.jpg,80A 04658,37.35329999994974
type4_453.jpg,80A 04658,37.54049999997733
type4_458.jpg,50A 01045,36.72779999988052
type4_462.jpg,60C 00068,35.395299999890995
type4_466_lp.jpg,60A 00971,37.95969999987392
type4_470.jpg,60A 00974,33.93430000005537
type4_473_lp.jpg,60A 00432,39.032800000086354
type4_498_lp.jpg,51B 0123,40.67009999994298
type4_505.jpg,50A 01967,41.90059999996265
type4_514_lp.jpg,29A 02400,43.66640000012012
type4_515_lp.jpg,80B 5526,34.95969999994486
type4_521.jpg,80A 00396,38.497700000107216
type4_523.jpg,29M 00135,35.614399999985835
type4_525.jpg,80A 05708,36.45550000010189
type4_527_lp.jpg,29A 01722,37.576899999976376
type4_529_lp.jpg,80A 02391,38.4767999998985
type4_538.jpg,80A 26699,40.57720000014342
type4_547.jpg,18A 00325,37.608700000191675
type4_550_lp.jpg,80A 16189,36.345299999993586
type4_556_lp.jpg,12A 00287,35.658499999954074
type4_558.jpg,80A 13566,39.46320000000014
type4_559_lp.jpg,80A 05768,42.07070000006752
type4_561_lp.jpg,80A 05828,40.90999999993983
type4_562.jpg,80A 03630,42.5698999999895
type4_571.jpg,29A 02789,40.641700000151104
type4_577_lp.jpg,60A 00301,42.014000000108354
type4_583_lp.jpg,60A 00977,46.45800000002964
type4_590.jpg,29A 01529,44.0389000000323
type4_591_lp.jpg,80A 00791,39.43800000001829
type4_593_lp.jpg,38A 00259,41.781399999990754
type4_598.jpg,29A 02461,38.772899999912624
type4_609.jpg,73A 00393,42.94110000000728
type4_610.jpg,73A 00388,36.49559999985286
type4_612.jpg,73B 1576,37.98669999991944
type4_618.jpg,73B 3868,36.74019999994016
type4_622_lp.jpg,73M 00006,38.83939999991526
type4_626_lp.jpg,73B 2151,45.57369999997718
type4_628_lp.jpg,73B 0040,44.464699999934965
type4_630_lp.jpg,74A 00389,43.76900000011119
type4_631.jpg,78A 00287,37.65019999991637
type4_650_lp.jpg,38A 00389,39.44079999996575
type4_651_lp.jpg,80A 06999,43.3643999999731
type4_658_lp.jpg,51A 1141,43.02400000005946
type4_661.jpg,60C 1095,43.31950000005236
type4_662_lp.jpg,60A 00367,37.193699999988894
type4_671.jpg,60A 00264,41.27579999999398
type4_676.jpg,29M 00419,38.30229999994117
type4_681_lp.jpg,31A 5733,42.23000000001775
type4_693.jpg,60A 00514,40.12830000010581
type4_694_lp.jpg,60A 00986,40.5786999999691
type4_699.jpg,60C 00531,37.551299999904586
type4_700_lp.jpg,60C 0331,37.62889999984509
type4_704_lp.jpg,60CD 00012,39.06009999991511
type4_711.jpg,29A 02621,35.11490000005324
type4_721_lp.jpg,60A 00947,39.83360000006542
type4_722_lp.jpg,60A 00901,40.17610000005334
type4_735.jpg,60A 00104,40.46010000001843
type4_744.jpg,50A 00347,34.480400000120426
type4_752.jpg,64A 00305,35.890299999891795
type4_752_lp.jpg,64A 00305,40.03320000015265
type4_762.jpg,64A 00157,36.87890000014704
type4_765_lp.jpg,80A 01179,38.27720000003865
type4_773_lp.jpg,43A 00368,38.93079999988913
type4_774_lp.jpg,60M 00215,36.6146999999728
type4_782.jpg,60A 00112,37.663399999928515
type4_782_lp.jpg,60A 00112,36.61489999990408
type4_784.jpg,80A 00208,38.03110000012566
type4_785.jpg,80A 02136,38.891299999932016
type4_785_lp.jpg,80A 02136,38.57289999996283
type4_795_lp.jpg,60A 00438,38.85020000006989
type4_797_lp.jpg,60A 00907,37.380999999868436
type4_798.jpg,60C 9899,36.57870000006369
type4_799.jpg,80A 01418,38.65319999999883
type4_808.jpg,50A 00876,36.03330000009919
type4_814.jpg,60A 00480,37.23420000005717
type4_820_lp.jpg,29A 04380,44.09310000005462
type4_824.jpg,60A 00097,43.39099999992868
type4_829_lp.jpg,60A 00405,47.73820000013984
type4_832_lp.jpg,60A 00495,39.52679999997599
type4_835.jpg,60A 00121,39.610900000070615
type4_847.jpg,60A 00517,38.88460000007399
type4_850_lp.jpg,29A 02740,42.459399999870584
type4_851.jpg,29A 02742,45.27899999993679
type4_858_lp.jpg,80A 04909,39.83180000000175
type4_867_lp.jpg,29A 02810,46.20739999995749
type4_874.jpg,29A 03124,39.34299999991708
type4_878.jpg,29A 02800,36.215800000036324
type4_883_lp.jpg,29A 02792,37.15269999997872
type4_892_lp.jpg,29A 01935,39.14669999994658
type4_896.jpg,29A 04324,39.72150000004149
type4_899.jpg,29A 04360,43.56239999992795
type4_912_lp.jpg,50A 02073,46.52750000013839
type4_913.jpg,60A 01436,42.21120000011069
type4_914_lp.jpg,51B 0249,37.403300000050876
type4_920.jpg,80A 01703,36.39840000005279
type4_935.jpg,60A 00656,40.12579999994159
type4_936.jpg,60M 00014,40.65689999993083
type4_947.jpg,80A 9974,38.01720000001296
type4_957_lp.jpg,60A 00617,58.46870000004856
type4_964.jpg,60A 00170,47.98540000001594
type4_964_lp.jpg,60A 00170,43.44370000012532
type4_969_lp.jpg,60A 00319,37.75790000008783
type4_982.jpg,88A 00565,38.92039999982444
type4_988.jpg,29A 04374,36.59010000001217
type4_991_lp.jpg,60A 00538,37.6358999999411
type4_992_lp.jpg,31A 7495,40.72949999999764
type4_994_lp.jpg,31A 0915,38.965500000131215
type4_995.jpg,61L 00593,41.03939999981776
type4_999_lp.jpg,68A 00431,42.59150000007139
type5_006.jpg,KP 5229,39.39919999993435
type5_010.jpg,8C 4337,38.221400000111316
type5_028_lp.jpg,AD 5745,40.80799999996998
type5_029_lp.jpg,TK 7723,44.77160000010372
type5_033_lp.jpg,KC 5954,43.17910000008851
type5_038.jpg,TM 3257,43.45409999996264
type5_039.jpg,TM 6589,36.52880000004188
type5_039_lp.jpg,TM 6589,41.017799999963245
type5_043.jpg,VT 2465,41.20110000008026
type5_048.jpg,QH 5398,39.64489999998477
type5_054.jpg,KP 1039,37.01619999992545
type5_056.jpg,HN 1033,44.854400000076566
type5_056_lp.jpg,HN 1033,42.68510000019887
type5_060_lp.jpg,VT 2233,42.541199999959645
type5_064_lp.jpg,KP 5039,36.54499999993277
type5_066_lp.jpg,PP 1043,41.670700000167926
type5_069.jpg,KP 5328,37.458900000046924
type5_070.jpg,KP 4298,42.8900000001704
type5_081.jpg,QH 5598,40.56739999987258
type5_084.jpg,VT 3737,45.052000000168846
type5_088_lp.jpg,TC 3766,37.21599999994396
type5_089.jpg,TC 3766,39.81070000008913
type5_096_lp.jpg,TN 1405,37.457900000163136
type5_100.jpg,QH 6537,47.55710000017643
type5_108_lp.jpg,TT 2078,39.942199999813965
type5_109_lp.jpg,TK 8173,40.38750000017899
type5_116.jpg,TC 5779,41.10820000005333
type5_120_lp.jpg,TC 3371,37.299299999858704
type5_130_lp.jpg,TM 3997,37.125699999933204
type5_143.jpg,PP 4434,41.492400000151974
type5_152_lp.jpg,QA 7586,39.618600000039805
type5_157_lp.jpg,QA 1508,40.71499999986372
type5_165.jpg,TT 2468,43.16829999993388
type5_176_lp.jpg,VT 3589,36.84520000001612
type5_177.jpg,50A 00349,36.74279999995633
type5_178_lp.jpg,KD 7578,42.2704000000067
type5_184.jpg,TC 3968,35.70379999996476
type5_185.jpg,KP 4937,42.09390000005442
type5_191_lp.jpg,BA 6341,36.237000000028274
type5_194_lp.jpg,KP 5309,46.17699999994329
type5_195_lp.jpg,TK 7523,38.08030000004692
type5_202.jpg,TK 9680,37.5515999999152
type5_202_lp.jpg,TK 9680,42.29999999984102
type5_214_lp.jpg,KP 4708,37.78860000011264
type5_216.jpg,VT 2435,36.58019999988937
type5_216_lp.jpg,VT 2435,37.98789999996188
type5_219.jpg,TM 1561,37.48910000012984
type5_220_lp.jpg,BT 5309,37.483399999928224
type5_226_lp.jpg,KP 4004,36.100999999916894
type5_232.jpg,AD 5761,36.72820000019783
type5_237_lp.jpg,KP 8009,38.086399999883724
type5_244_lp.jpg,KP 4787,37.06529999999475
type5_250_lp.jpg,KT 6027,45.4515999999785
type5_251.jpg,51A 00987,41.462299999921015
type5_255_lp.jpg,KP 4988,41.172299999971074
type5_258_lp.jpg,BT 5581,39.75040000000263
type5_260_lp.jpg,VT 2432,37.205500000027314
type5_263.jpg,KP 5313,37.54989999993086
type5_264_lp.jpg,AD 5986,36.44069999995736
type5_271.jpg,QH 6381,40.087299999868264
type5_276_lp.jpg,KP 4371,41.24989999991158
type5_286.jpg,KP 4930,38.43179999989843
type5_291.jpg,TH 6139,39.02349999998478
type5_308_lp.jpg,KK 2449,39.43189999995411
type5_309_lp.jpg,KP 4591,41.57430000009299
type5_311.jpg,TK 7305,35.616800000070725
type5_317.jpg,KP 4220,38.85749999994914
type5_319_lp.jpg,BK 6566,43.06799999994837
type5_321.jpg,QB 2254,42.30790000019624
type5_324_lp.jpg,KP 3955,41.18539999990389
type5_327.jpg,KP 4588,41.86559999993733
type5_329_lp.jpg,KP 4591,36.95489999995516
type5_330.jpg,QC 1067,43.251300000065385
type5_334.jpg,QA 6085,34.740499999998065
type5_340_lp.jpg,KP 5120,36.334200000055716
type5_342_lp.jpg,KP 4669,39.445000000114305
type5_348.jpg,AD 5978,49.47300000003452
type5_350_lp.jpg,CD 1006,42.23650000017187
type5_351.jpg,KV 7808,39.86050000003161
type5_354_lp.jpg,QA 4582,39.07000000003791
type5_355.jpg,QA 6388,38.32729999999174
type5_357_lp.jpg,KV 7809,43.54970000008507
type5_361_lp.jpg,QA 5901,42.56889999987834
type5_362_lp.jpg,HC 5204,43.521499999997104
type5_369.jpg,KV 7968,38.256500000215965
type5_369_lp.jpg,KV 7968,39.048200000024735
type5_373.jpg,VT 7130,38.95209999996041
type5_386_lp.jpg,QH 5683,40.15090000007149
type5_396_lp.jpg,QA 6536,35.58600000019396
type5_401.jpg,AT 1301,42.585000000144646
type5_405_lp.jpg,KV 8043,46.86020000008284
type5_412.jpg,QA 6064,42.16850000011618
type5_414_lp.jpg,QH 5494,36.76519999999073
type5_417.jpg,QH 5931,39.163899999948626
type5_421.jpg,QH 5901,40.7390000000305
type5_424.jpg,QB 2838,37.64939999996386
type5_429_lp.jpg,QA 4129,41.56719999991765
type5_439.jpg,QH 4883,48.48960000003899
type5_444_lp.jpg,QH 5987,40.01490000018748
type5_449.jpg,BT 5428,38.293399999929534
type5_451_lp.jpg,QA 6580,39.73360000009052
type5_456.jpg,KV 7939,40.519099999983155
type5_469.jpg,QH 5192,34.94769999997516
type5_469_lp.jpg,QH 5192,45.45740000003207
type5_478.jpg,AT 1312,38.529599999947095
type5_479_lp.jpg,HB 2050,49.081299999897965
type5_483.jpg,50L 1109,38.375500000029206
type5_484.jpg,TK 7373,36.77459999994426
type5_486.jpg,QA 1504,40.799399999968955
type6_006.jpg,59A1 00229,42.169400000148016
type6_014.jpg,59A1 00590,38.11339999992924
type6_022_lp.jpg,60B1 07038,41.77750000008018
type6_028_lp.jpg,38A1 00046,44.32290000022476
type6_040_lp.jpg,29B1 00629,39.81740000017453
type6_043.jpg,60B1 00072,40.64899999980298
type6_044_lp.jpg,80B2 0895,39.36569999996209
type6_059.jpg,68F1 00049,35.787699999900724
type6_062.jpg,49A1 00028,37.64099999989412
type6_064_lp.jpg,79B1 0354,45.85339999994176
type6_069_lp.jpg,79A1 00084,41.40959999995175
type6_082.jpg,51A1 0752,38.527599999952145
type7_006.jpg,29F 01218,40.66100000000006
type7_009_lp.jpg,17H 02926,39.76490000013655
type7_020_lp.jpg,60H 19808,39.398500000061176
type7_026_lp.jpg,29F 02763,40.5786999999691
type7_032.jpg,14B 00678,47.518600000103106
type7_041_lp.jpg,60H 19946,46.69460000013714
type7_044.jpg,50A 3339,36.388400000078036
type7_056_lp.jpg,29B 50642,38.70069999993575
type7_062.jpg,29F 03049,42.60319999980311
type7_062_lp.jpg,29F 03049,36.36589999996431
type7_063_lp.jpg,29B 06457,40.068499999961205
type7_072.jpg,60B 03311,41.09270000003562
type7_073_lp.jpg,60H 19565,44.317599999885715
type7_076_lp.jpg,26F 00101,42.33229999999821
type7_077.jpg,70C 06709,36.51809999996658
type7_080_lp.jpg,47E 00785,37.15439999996306
type7_084_lp.jpg,50H 34940,39.9325000000772
type7_092_lp.jpg,60H 19241,42.01809999995021
type7_098.jpg,29K 10634,39.49659999989308
type7_108.jpg,60C 51833,46.52739999983169
type7_109.jpg,60H 03672,42.50369999999748
type7_112_lp.jpg,60C 53761,37.33630000010635
type7_124_lp.jpg,60E 01991,38.386199999877135
type7_125_lp.jpg,60C 47077,58.60589999997501
type7_131_lp.jpg,51G 60426,42.03430000006847
type7_140.jpg,29B 11721,41.27969999990455
type7_148_lp.jpg,29K 00959,41.789500000049884
type7_150.jpg,43H 31036,42.19740000007732
type7_159.jpg,60B 04490,45.44880000003104
type7_168.jpg,50E 13378,37.711199999876044
type7_171_lp.jpg,26F 00223,38.11730000006719
type7_179_lp.jpg,26B 00487,42.682600000034654
type7_205_lp.jpg,50H 48620,39.29219999986344
type7_211.jpg,51G 30713,35.9089999999469
type7_211_lp.jpg,51G 30713,36.60119999995004
type7_219_lp.jpg,50H 40188,38.38709999990897
type7_222_lp.jpg,86E 00075,37.57420000010825
type7_230.jpg,50E 12171,36.130599999978585
type7_233_lp.jpg,50H 32837,36.30580000003647
type7_237_lp.jpg,50F 04079,38.53390000017498
type7_245_lp.jpg,51G 01159,36.28390000017134
type7_248_lp.jpg,60B 01373,44.07190000006267
type7_261.jpg,60E 01842,34.77689999999711
type7_265_lp.jpg,54X 1845,36.97699999997894
type7_274.jpg,29B 60328,35.27520000011464
type7_276.jpg,39A 01077,36.50359999983266
type7_279.jpg,29B 15210,40.8701999999721
type7_280_lp.jpg,11F 00028,36.05299999981071
type7_283.jpg,29B 00165,35.765900000114925
type7_296.jpg,62A 12809,40.22319999990032
type7_299_lp.jpg,50H 38432,36.93139999995765
type7_300_lp.jpg,30F 58294,41.41499999991538
type7_306_lp.jpg,29B 03062,35.260299999890776
type7_308_lp.jpg,29F 01217,41.65600000010272
type7_316.jpg,6B 0128,36.95630000015626
type7_323.jpg,29B 01636,36.2633999998252
type7_326.jpg,29H 32743,35.394700000097146
type7_336_lp.jpg,50F 00174,39.292799999884664
type7_353_lp.jpg,50F 01012,38.329100000055405
type7_371_lp.jpg,29C 32537,37.65130000010686
type7_373_lp.jpg,50E 08136,38.462299999991956
type7_392.jpg,29E 05317,38.19060000000718
type7_395.jpg,18E 00110,37.85939999988841
type7_398.jpg,29H 91431,46.24259999991409
type7_403.jpg,18H 02400,44.278000000076645
type7_407_lp.jpg,50H 05297,37.23379999996723
type7_414.jpg,60C 22301,36.63449999999102
type7_420.jpg,60H 10031,37.256700000170895
type7_422_lp.jpg,30E 19035,37.911399999984496
type7_425_lp.jpg,29H 93881,38.376499999912994
type7_433_lp.jpg,29B 16125,36.95689999995011
type7_434_lp.jpg,30F 22220,35.98620000002484
type7_467.jpg,30E 64164,37.39109999992252
type7_475.jpg,51G 51462,35.902399999940826
type7_490_lp.jpg,51G 65224,37.44720000008783
type7_498.jpg,69A 04386,35.46479999999974
type7_512_lp.jpg,53N 6694,35.82320000009531
type7_528_lp.jpg,51G 49970,36.99400000004971
type7_529.jpg,50H 42635,36.70870000019022
type7_537_lp.jpg,50E 13169,34.97419999985141
type7_541_lp.jpg,50F 00205,37.06260000012662
type7_544_lp.jpg,29F 02007,36.30029999999351
type7_550.jpg,29A 95597,35.231099999919024
type7_558.jpg,51G 79724,37.46410000007927
type7_560.jpg,51B 17734,37.58160000006683
type7_565.jpg,60B 00537,44.44520000015473
type7_567_lp.jpg,50F 01857,46.64290000005167
type7_572_lp.jpg,60B 04310,46.64900000011585
type7_574.jpg,60B 00962,39.308299999902374
type7_576.jpg,53N 7169,36.57690000000002
type7_577.jpg,53N 3792,35.090000000082
type7_577_lp.jpg,53N 3792,35.89160000001357
type7_580_lp.jpg,53N 9697,35.17690000012408
type7_582.jpg,53N 6703,36.271599999963655
type7_591_lp.jpg,29B 18781,36.35170000006838
type7_597.jpg,29H 28100,35.52709999985382
type7_601_lp.jpg,29E 03772,36.46589999993921
type7_603.jpg,79G 00246,48.48900000001777
type7_618.jpg,51B 21020,37.094999999908396
type7_618_lp.jpg,51B 28111,43.72160000002623
type7_625.jpg,72G 00593,39.8417999999765
type7_626.jpg,72H 9238,34.63729999998577
type7_635.jpg,51D 30192,36.54520000009143
type7_640_lp.jpg,51G 78449,36.68440000001283
type7_642.jpg,50E 06779,35.945200000014665
type7_653_lp.jpg,50H 36619,39.3535000000611
type7_655.jpg,50H 32893,46.991499999876396
type7_661_lp.jpg,50E 05055,37.584400000014284
type7_662.jpg,51K 51215,36.19320000007065
type7_676.jpg,72G 00313,37.54170000001977
type7_683_lp.jpg,61F 00807,41.17509999991853
type7_686_lp.jpg,60B 05683,35.97079999985908
type7_692_lp.jpg,51F 64182,37.21300000006522
type7_693_lp.jpg,50E 11186,38.69890000009946
type7_720_lp.jpg,50H 30685,36.99219999998604
type7_723.jpg,50E 06875,35.53579999993417
type7_727_lp.jpg,50H 24969,34.64250000001812
type7_733.jpg,50H 31106,35.397699999975885
type7_735_lp.jpg,50E 06584,36.636699999917255
type7_741.jpg,63F 00986,37.30069999983243
type7_748.jpg,36A 48814,37.80089999986558
type7_753_lp.jpg,50H 27941,60.31869999992523
type7_756_lp.jpg,60F 00967,40.107199999965815
type7_765_lp.jpg,60H 07900,38.23800000009214
type7_767_lp.jpg,67E 00023,37.06259999989925
type7_769_lp.jpg,43E 01237,35.72580000013659
type7_775_lp.jpg,43C 08821,35.71320000014566
type7_787_lp.jpg,60B 03980,37.662100000034116
type7_805_lp.jpg,75A 16588,33.91979999992145
type7_807.jpg,60H 19907,37.15340000007927
type7_812_lp.jpg,60E 00997,36.56320000004598
type7_823_lp.jpg,51B 30722,34.63910000004944
type7_834.jpg,50H 37512,37.46399999999994
type7_836.jpg,51B 22043,40.105499999981475
type7_837_lp.jpg,51B 30748,36.517199999934746
type7_840_lp.jpg,69E 00250,38.205199999993056
type7_844_lp.jpg,51B 21104,37.58649999986119
type7_850.jpg,50E 02063,36.34919999990416
type7_857_lp.jpg,69H 02034,36.675699999932476
type7_864.jpg,50E 10153,37.31519999996635
type7_876_lp.jpg,51B 29732,37.918499999932465
type7_880.jpg,41B 00934,38.32199999988006
type7_884_lp.jpg,61F 00835,35.87289999995846
type7_889.jpg,29E 02133,34.02889999983927
type7_895.jpg,50E 10412,41.74530000000232
type7_899.jpg,51B 12820,35.10529999994105
type7_900.jpg,50B 26947,35.848600000008446
type7_906_lp.jpg,51B 22408,38.46889999999803
type7_910_lp.jpg,50E 00063,35.66300000011324
type7_913.jpg,61E 00010,36.05549999997493
type7_917.jpg,29E 00110,38.63939999996546
type7_922.jpg,50E 11717,34.569200000078126
type7_924.jpg,50E 10551,36.102999999911844
type7_944_lp.jpg,29G 01775,37.96880000004421
type7_945_lp.jpg,30A 96871,38.14310000007026
type7_946.jpg,29H 54169,33.98689999994531
type7_948.jpg,29E 07319,35.55570000003172
type7_948_lp.jpg,29E 07319,36.91430000003493
type7_949_lp.jpg,30G 44496,35.34920000015518
type7_950.jpg,30E 75402,35.48660000001291
type7_959_lp.jpg,29E 07761,39.10689999997885
type7_965_lp.jpg,60C 39708,35.624200000029305
type7_971.jpg,60C 12924,35.077300000011746
type7_972_lp.jpg,60B 01061,37.536199999976816
type7_978.jpg,29K 00307,35.74589999993805
type7_980.jpg,17A 13937,35.64379999988887
type7_981.jpg,30G 19418,38.642999999865424
type7_984_lp.jpg,67E 00124,36.241100000097504
